country,HDI.1975,HDI.1976,HDI.1977,HDI.1978,HDI.1979,HDI.1980,HDI.1981,HDI.1982,HDI.1983,HDI.1984,HDI.1985,HDI.1986,HDI.1987,HDI.1988,HDI.1989,HDI.1990,HDI.1991,HDI.1992,HDI.1993,HDI.1994,HDI.1995,HDI.1996,HDI.1997,HDI.1998,HDI.1999,HDI.2000,HDI.2001,HDI.2002,HDI.2003,HDI.2004,HDI.2005,TFR.1975,TFR.1976,TFR.1977,TFR.1978,TFR.1979,TFR.1980,TFR.1981,TFR.1982,TFR.1983,TFR.1984,TFR.1985,TFR.1986,TFR.1987,TFR.1988,TFR.1989,TFR.1990,TFR.1991,TFR.1992,TFR.1993,TFR.1994,TFR.1995,TFR.1996,TFR.1997,TFR.1998,TFR.1999,TFR.2000,TFR.2001,TFR.2002,TFR.2003,TFR.2004,TFR.2005,aTFR.1975,aTFR.1976,aTFR.1977,aTFR.1978,aTFR.1979,aTFR.1980,aTFR.1981,aTFR.1982,aTFR.1983,aTFR.1984,aTFR.1985,aTFR.1986,aTFR.1987,aTFR.1988,aTFR.1989,aTFR.1990,aTFR.1991,aTFR.1992,aTFR.1993,aTFR.1994,aTFR.1995,aTFR.1996,aTFR.1997,aTFR.1998,aTFR.1999,aTFR.2000,aTFR.2001,aTFR.2002,aTFR.2003,aTFR.2004,aTFR.2005,dmeanage1.1975,dmeanage1.1976,dmeanage1.1977,dmeanage1.1978,dmeanage1.1979,dmeanage1.1980,dmeanage1.1981,dmeanage1.1982,dmeanage1.1983,dmeanage1.1984,dmeanage1.1985,dmeanage1.1986,dmeanage1.1987,dmeanage1.1988,dmeanage1.1989,dmeanage1.1990,dmeanage1.1991,dmeanage1.1992,dmeanage1.1993,dmeanage1.1994,dmeanage1.1995,dmeanage1.1996,dmeanage1.1997,dmeanage1.1998,dmeanage1.1999,dmeanage1.2000,dmeanage1.2001,dmeanage1.2002,dmeanage1.2003,dmeanage1.2004,dmeanage1.2005
Albania,,,,,,0.731273056,0.734932246,0.737145554,0.738451574,0.738363984,0.739847926,0.74325013,0.743076676,0.740635218,0.744553091,0.738140098,0.719994584,0.716684067,0.724300556,0.731882681,0.739088746,0.746219216,0.742373637,0.75346017,0.763131966,0.770097704,0.77495915,0.776812219,0.780635491,0.786055455,0.789565763,4.202,4.202,4.202,4.0422,3.8824,3.7226,3.5628,3.403,3.3376,3.2722,3.2068,3.1414,3.076,3.0168,2.9576,2.8984,2.8392,2.78,2.71,2.64,2.57,2.5,2.43,2.4014,2.3728,2.3442,2.3156,2.287,2.0385,1.79,1.78,,,,,,,,,,,,,,,,,,,,,,,,,,,,,,,,,,,,,,,,,,,,,,,,,,,,,,,,,,,,,,
Algeria,0.565066871,0.57096611,0.575103358,0.581994626,0.587975511,0.590364997,0.593945532,0.599330683,0.605605264,0.612035085,0.617522738,0.621287074,0.624509945,0.627566735,0.633625911,0.63777281,0.640837427,0.646658757,0.649621971,0.653356845,0.659779434,0.666476995,0.671643692,0.67967862,0.686713995,0.693957401,0.700105886,0.708720108,0.71504594,0.720284131,0.724953131,7.56098432,7.364208,7.175,7.038,6.901,6.764,6.627,6.49,6.25,6.01,5.77,5.53,5.29,5.058,4.826,4.594,4.362,4.13,3.8806,3.6312,3.3818,3.1324,2.883,2.8124,2.7418,2.6712,2.6006,2.53,2.5016,2.4732,2.4448,,,,,,,,,,,,,,,,,,,,,,,,,,,,,,,,,,,,,,,,,,,,,,,,,,,,,,,,,,,,,,
Angola,0.427032369,0.427252059,0.4274633,0.428155305,0.428839498,0.429516179,0.424447244,0.42296502,0.423151062,0.4243947,0.424475786,0.424370397,0.427106516,0.428858562,0.427738731,0.426095234,0.423788674,0.417454678,0.399497784,0.39931803,0.402871715,0.406984767,0.409537018,0.412042712,0.412623783,0.414328208,0.416006722,0.422718824,0.425106001,0.430429939,0.440799537,7.2,7.2,7.2,7.2,7.2,7.2,7.2,7.2,7.2,7.2,7.2,7.2,7.2,7.18,7.16,7.14,7.12,7.1,7.06,7.02,6.98,6.94,6.9,6.87,6.84,6.81,6.78,6.75,6.6864,6.6228,6.5592,,,,,,,,,,,,,,,,,,,,,,,,,,,,,,,,,,,,,,,,,,,,,,,,,,,,,,,,,,,,,,
Argentina,0.796895676,0.796294282,0.800532019,0.798749194,0.804949006,0.807988581,0.805496345,0.803429833,0.805606351,0.806889368,0.802574353,0.806876545,0.80856647,0.807539888,0.803628855,0.802711972,0.809793076,0.818646554,0.824433663,0.83020316,0.831233472,0.836884503,0.843902633,0.848649132,0.849401524,0.852974457,0.853845051,0.849377494,0.84884164,0.854686208,0.860096634,3.53364416,3.485904,3.44,3.382,3.324,3.266,3.208,3.15,3.1306,3.1112,3.0918,3.0724,3.053,3.0224,2.9918,2.9612,2.9306,2.9,2.846,2.792,2.738,2.684,2.63,2.574,2.518,2.462,2.406,2.35,2.3308,2.3116,2.2924,,,,,,,,,,,,,,,,,,,,,,,,,,,,,,,,,,,,,,,,,,,,,,,,,,,,,,,,,,,,,,
Armenia,0.700787712,0.702149028,0.703451552,0.705567048,0.709624439,0.71393762,0.717967961,0.721675788,0.722019331,0.722200654,0.722092124,0.721840562,0.721349831,0.723617644,0.725408111,0.726817093,0.720930108,0.692328761,0.690389716,0.696529997,0.703265516,0.709184655,0.713515786,0.722138087,0.728557657,0.736397472,0.742115183,0.749839,0.757185451,0.768671495,0.777664915,2.503,2.503,2.503,2.4776,2.4522,2.4268,2.4014,2.376,2.4158,2.4556,2.4954,2.5352,2.575,2.536,2.497,2.458,2.419,2.38,2.254,2.128,2.002,1.876,1.75,1.733333333,1.716666667,1.7,1.517,1.334,1.357,1.38,1.37,,,,,,,,,,,,,,,,,,,,,,,,,,,,,,,1.62,,,,,,,,,,,,,,,,,,,,,,,,,,,,,,,
Australia,0.856418407,0.857742049,0.859507393,0.86295765,0.86592987,0.86894169,0.871626597,0.870707119,0.87389856,0.877509667,0.880497556,0.882179353,0.885862533,0.888712129,0.891478479,0.891893525,0.892808009,0.898825036,0.907389044,0.913303108,0.920057498,0.927223441,0.934503873,0.942443385,0.949753646,0.954268513,0.955338016,0.96214443,0.96544102,0.963934218,0.965647136,2.148,2.06,2.007,1.949,1.907,1.891,1.935,1.929,1.924,1.84,1.923,1.868,1.845,1.831,1.838,1.902,1.849,1.888,1.859,1.842,1.822,1.796,1.778,1.762,1.755,1.756,1.729,1.759,1.754,1.774,1.774406,,,,,,,,,,,,,,,,,,,,,,,,,,,,,,,1.91,0,0,0,0,0,0,0,0,0,0,0,0,0,0,0,0,0,0.2,0.2,0.1,0.1,0.2,0.2,0.2,0.1,0,0,0,0,0,0
Austria,0.844760239,0.849874426,0.854348125,0.854713814,0.859479526,0.861198533,0.862885185,0.864664434,0.86690258,0.869997682,0.872588433,0.876383386,0.879654581,0.88402663,0.8862685,0.889763026,0.891307486,0.895177778,0.896578699,0.900845425,0.904021127,0.90772271,0.91179497,0.916557654,0.919020801,0.923672257,0.927199014,0.925249763,0.926615197,0.931555413,0.933925157,1.82,1.698,1.641,1.621,1.6,1.62,1.67,1.66,1.56,1.53,1.46,1.47,1.42,1.43,1.45,1.45,1.5,1.49,1.48,1.44,1.4,1.42,1.36,1.34,1.34,1.36,1.33,1.4,1.38,1.42,1.41,1.82,1.698,1.641,1.621,1.6,1.62,1.67,1.66,1.56,1.53,1.726267428,1.68945961,1.642162314,1.598725883,1.662277714,1.611594447,1.574425597,1.599206378,1.720234928,1.795294131,1.73339908,1.72069144,1.579993817,1.56631867,1.518455747,1.5839486,1.607135822,1.670073864,1.575093133,1.637483934,1.724054451,0,0,0,0,0,0,0,0,0,0,0.22,0.1,0.21,0.1,0.1,0.14,-0.01,0.09,0.09,0.26,0.25,0.25,0.1,0.14,0.16,0.1,0.15,0.21,0.18,0.11,0.22
Azerbaijan,,,,,,,,,,,,,,,,0.770722523,0.76666317,0.745701042,0.727993975,0.713356128,0.701340182,0.705386462,0.711606845,0.717206823,0.719849156,0.726789473,0.733976537,0.740911198,0.747994274,0.753549944,0.765501922,3.92,3.77,3.62,3.5445,3.469,3.22,3.2383,3.2566,3.141066667,3.025533333,2.91,2.9,2.9026,2.8,2.8,2.74,2.87,2.74,2.7,2.52,2.29,2.06,2.07,2,2.07,2.07,2.07,2.07,2.07,2.0535,2.33,,,,,,,,,,,,,,,,,,,,,,,,,,,,,,,,,,,,,,,,,,,,,,,,,,,,,,,,,,,,,,
Bahrain,0.773655346,0.774279264,0.774879186,0.779222144,0.783542917,0.787842356,0.786391299,0.783803044,0.787043266,0.789582506,0.786652482,0.787044374,0.792264844,0.795450125,0.795068986,0.796907843,0.802265455,0.805566056,0.812167366,0.811934844,0.814038556,0.816281789,0.818032416,0.820383136,0.822632269,0.827501634,0.831724711,0.836504394,0.84221204,0.845558138,0.849950854,5.228,5.228,5.228,5.109,4.99,4.871,4.752,4.633,4.5224,4.4118,4.3012,4.1906,4.08,3.9362,3.7924,3.6486,3.5048,3.361,3.239,3.117,2.995,2.873,2.751,2.6946,2.6382,2.5818,2.5254,2.469,2.4274,2.3858,2.3442,,,,,,,,,,,,,,,,,,,,,,,,,,,,,,,,,,,,,,,,,,,,,,,,,,,,,,,,,,,,,,
Bangladesh,0.387413871,0.389184115,0.389373185,0.395334908,0.400088115,0.402661071,0.406827989,0.410205191,0.414347571,0.419123298,0.422880199,0.427217966,0.43130501,0.434949469,0.438841591,0.444503281,0.448772838,0.456651593,0.464531132,0.472172237,0.480292265,0.488285265,0.496713541,0.50405901,0.511230715,0.519068968,0.526875383,0.530901162,0.534584425,0.538747889,0.543572677,5.6,5.6,5.6,5.53,5.46,5.39,5.32,5.25,5.1258,5.0016,4.8774,4.7532,4.629,4.5266,4.4242,4.3218,4.2194,4.117,4.0028,3.8886,3.7744,3.6602,3.546,3.4368,3.3276,3.2184,3.1092,3,3,2.99,2.979,,,,,,,,,,,,,,,,,,,,,,,,,,,,,,,,,,,,,,,,,,,,,,,,,,,,,,,,,,,,,,
Belarus,,,,,,,,,,,,,,,,0.7830714,0.780204413,0.773003586,0.763153246,0.755683676,0.748559072,0.751633844,0.757548279,0.762514566,0.762297532,0.768390644,0.772846741,0.776869382,0.780650672,0.788434781,0.795504106,2.17,2.12,2.08,2.06,2.05,2.03,2.02,2.05,2.11,2.11,2.09,2.09,2.03,2.04,2.03,1.91,1.8,1.75,1.61,1.51,1.386,1.31,1.23,1.27,1.31,1.29,1.27,1.25,1.25,1.241948,1.237942,,,,,,,,,,,,,,,,,,,,,,,,,,,,,,,1.47,0,0,0,0,0,0,0,0,0,0,0,0,0,0,0,-0.22,-0.07,-0.09,-0.04,-0.05,0.05,0.09,-0.03,0.15,0.6,0.17,0.04,0.07,0.29,0.18,0.16
Belgium,0.854899715,0.857868123,0.858153017,0.861384937,0.864350911,0.868450455,0.869984786,0.87201044,0.874519682,0.878228195,0.881447483,0.884765919,0.888325565,0.890713058,0.892408487,0.893962791,0.895335794,0.899874699,0.902183492,0.907995757,0.912539893,0.917285678,0.923455334,0.928040293,0.932422626,0.937738121,0.943337996,0.946018181,0.95207876,0.936673724,0.939686068,1.736,1.725,1.705,1.691,1.689,1.672,1.67,1.614,1.56,1.591,1.49,1.54,1.55,1.56,1.58,1.62,1.57,1.56,1.61,1.55,1.57,1.55,1.6,1.6,1.61,1.66,1.64,1.62,1.64,1.68,1.72,1.736,1.725,1.705,1.691,1.689,1.672,1.67,1.614,1.56,1.591,1.49,1.54,1.55,1.56,1.58,1.62,1.57,1.56,1.61,1.55,1.57,1.55,1.6,1.6,1.61,1.66,1.64,1.779221507,1.817968285,1.884788408,1.881951027,0,0,0,0,0,0,0,0,0,0,0,0,0,0,0,0.09,0.13,0.18,0.19,0.25,0.22,0.09,0.15,0,0,0,0,0,0,0,0
Belize,0.646159734,0.644969023,0.647105514,0.651537112,0.65573526,0.66379228,0.664724675,0.664800713,0.663639317,0.664121005,0.664427362,0.666673278,0.672187859,0.675955691,0.682051827,0.686231453,0.691203045,0.697591016,0.700615506,0.700513537,0.700597772,0.701496906,0.702824315,0.703347939,0.707306864,0.712707542,0.713693687,0.71607987,0.720765375,0.725864764,0.726308913,6.2,6.2,6.2,6.04,5.88,5.72,5.56,5.4,5.26,5.12,4.98,4.84,4.7,4.6306,4.5612,4.4918,4.4224,4.353,4.2222,4.0914,3.9606,3.8298,3.699,3.5986,3.4982,3.3978,3.2974,3.197,3.1216,3.0462,2.9708,,,,,,,,,,,,,,,,,,,,,,,,,,,,,,,,,,,,,,,,,,,,,,,,,,,,,,,,,,,,,,
Benin,0.338790582,0.337774288,0.338946694,0.339810674,0.343432423,0.347100553,0.352310071,0.353399852,0.350740798,0.35481207,0.358714926,0.359827315,0.358942118,0.360340567,0.358210403,0.359369479,0.361244712,0.364066559,0.367146687,0.370759298,0.374613201,0.379095641,0.383992557,0.388022805,0.392119045,0.396870466,0.403185166,0.408354601,0.412941896,0.417373267,0.420830806,7.103,7.103,7.103,7.1096,7.1162,7.1228,7.1294,7.136,7.0892,7.0424,6.9956,6.9488,6.902,6.8476,6.7932,6.7388,6.6844,6.63,6.5546,6.4792,6.4038,6.3284,6.253,6.1756,6.0982,6.0208,5.9434,5.866,5.7758,5.6856,5.5954,,,,,,,,,,,,,,,,,,,,,,,,,,,,,,,,,,,,,,,,,,,,,,,,,,,,,,,,,,,,,,
Bolivia,0.570293598,0.571454562,0.572813625,0.576896988,0.579951948,0.582197433,0.585399594,0.58624148,0.586546148,0.589031942,0.590674259,0.591790979,0.595700262,0.599076448,0.602911987,0.607185264,0.611778305,0.615696322,0.621878572,0.62828923,0.634731995,0.641036124,0.647682722,0.65422172,0.658282499,0.664681855,0.669468801,0.674007907,0.677164641,0.680091245,0.683092423,5.8,5.8,5.8,5.7,5.6,5.5,5.4,5.3,5.24,5.18,5.12,5.06,5,4.96,4.92,4.88,4.84,4.8,4.7048,4.6096,4.5144,4.4192,4.324,4.2192,4.1144,4.0096,3.9048,3.8,3.8,3.725,3.65,,,,,,,,,,,,,,,,,,,,,,,,,,,,,,,,,,,,,,,,,,,,,,,,,,,,,,,,,,,,,,
Botswana,0.56242962,0.566162365,0.570574275,0.579796883,0.587948033,0.596024264,0.602638599,0.610828864,0.617915304,0.622730624,0.626860063,0.631584754,0.638238991,0.645507718,0.649754911,0.650853015,0.652347795,0.655102066,0.644840508,0.63557282,0.626797162,0.618700448,0.613065707,0.604259852,0.593908257,0.583942616,0.572478139,0.561281021,0.56426658,0.565316455,0.564641418,6.4,6.4,6.4,6.28,6.16,6.04,5.92,5.8,5.62,5.44,5.26,5.08,4.9,4.7358,4.5716,4.4074,4.2432,4.079,3.9862,3.8934,3.8006,3.7078,3.615,3.5328,3.4506,3.3684,3.2862,3.204,3.1466,3.0892,3.0318,,,,,,,,,,,,,,,,,,,,,,,,,,,,,,,,,,,,,,,,,,,,,,,,,,,,,,,,,,,,,,
Brazil,0.676692147,0.680575164,0.681769048,0.6840842,0.688275463,0.693680782,0.691740934,0.692632783,0.69146813,0.695127932,0.700232112,0.70540634,0.708317397,0.709162822,0.71190496,0.710448752,0.712315539,0.718339596,0.727452282,0.736930669,0.745922817,0.753690854,0.762121604,0.76811118,0.774229965,0.77833482,0.781524277,0.785977422,0.785355936,0.792372363,0.794983931,4.305,4.305,4.305,4.204,4.103,4.002,3.901,3.8,3.66,3.52,3.38,3.24,3.1,3,2.9,2.8,2.7,2.6,2.57,2.54,2.51,2.48,2.45,2.429,2.408,2.387,2.366,2.345,2.325,2.305,2.285,,,,,,,,,,,,,,,,,,,,,,,,,,,,,,,,,,,,,,,,,,,,,,,,,,,,,,,,,,,,,,
Bulgaria,,,,,,0.7696912,0.774554513,0.77359463,0.77648976,0.778878262,0.778742359,0.783728531,0.785779242,0.791926457,0.791369206,0.78660609,0.781801584,0.77960037,0.780168873,0.782420974,0.785131245,0.780837401,0.776663784,0.784931865,0.790252506,0.795176182,0.798776411,0.801342339,0.807946412,0.814770662,0.819905618,2.23,2.24,2.2,2.15,2.15,2.05,2.01,2.02,2,1.99,1.95,1.99,1.96,1.97,1.9,1.81,1.65,1.54,1.45,1.37,1.23,1.24,1.09,1.11,1.23,1.3,1.24,1.21,1.23,1.29,1.31,,,,,,,,,,,,,,,,,,,,,,,,,,,,,,,1.7,0,-0.03,-0.04,0.01,-0.02,-0.08,0.15,-0.19,0.02,0.02,0.01,0.06,0.03,-0.02,0.08,0.06,-0.11,-0.13,0.12,0.14,0.21,0.16,0.24,0.13,0.07,0.48,0.2,0.19,0.3,0.19,0.29
Burkina Faso,0.276085568,0.279488384,0.278564956,0.281819889,0.284562011,0.285718797,0.288729852,0.29447771,0.294493778,0.293242201,0.297445035,0.301540896,0.300263599,0.3001598,0.296990924,0.292474695,0.293470235,0.290197364,0.290376809,0.2886286,0.288848832,0.290410668,0.294165946,0.298135147,0.305106077,0.309170714,0.315555618,0.321171608,0.328877892,0.335753471,0.344216031,7.75,7.75,7.75,7.736,7.722,7.708,7.694,7.68,7.632,7.584,7.536,7.488,7.44,7.26,7.08,6.9,7.03,7.16,7.07,6.98,6.89,6.8,6.9,6.4,6.35,6.3,6.25,6.2,6.05,5.9,5.9,,,,,,,,,,,,,,,,,,,,,,,,,,,,,,,,,,,,,,,,,,,,,,,,,,,,,,,,,,,,,,
Burundi,0.339495684,0.34283081,0.347760306,0.347495598,0.348505908,0.349000151,0.355199869,0.354316461,0.354389374,0.352509105,0.356770689,0.356653931,0.357791375,0.353306623,0.346985986,0.342011762,0.342873915,0.341434127,0.341049098,0.342222498,0.341109603,0.340088421,0.342911705,0.351208476,0.356167526,0.361358122,0.363945462,0.368644489,0.370916639,0.376730951,0.379908486,6.801,6.801,6.801,6.8008,6.8006,6.8004,6.8002,6.8,6.8,6.8,6.8,6.8,6.8,6.8,6.8,6.8,6.8,6.8,6.8,6.8,6.8,6.8,6.8,6.8,6.8,6.8,6.8,6.8,6.8,6.8,6.8,,,,,,,,,,,,,,,,,,,,,,,,,,,,,,,,,,,,,,,,,,,,,,,,,,,,,,,,,,,,,,
Cambodia,,,,,,,,,,,,,,,,,,,0.499329957,0.503092441,0.505585096,0.507567768,0.509806391,0.511860523,0.520176069,0.529296527,0.539496511,0.551794036,0.562867587,0.57326517,0.580715605,4.7,4.7,4.7,5.08,5.46,5.84,6.22,6.6,6.43,6.26,6.09,5.92,5.75,5.67,5.59,5.51,5.43,5.35,5.18,5.01,4.84,4.67,4.5,4.428,4.356,4.284,4.212,4.14,4.0552,3.9704,3.8856,,,,,,,,,,,,,,,,,,,,,,,,,,,,,,,,,,,,,,,,,,,,,,,,,,,,,,,,,,,,,,
Cameroon,0.486903695,0.48216261,0.487688672,0.499676535,0.503873352,0.503736465,0.51351746,0.518586323,0.523199504,0.528108456,0.533285557,0.537758216,0.537357425,0.530186446,0.526544214,0.520451591,0.51573973,0.511035938,0.503611444,0.496636954,0.492930445,0.490187079,0.487549639,0.485385891,0.482919636,0.482586123,0.488907323,0.488148783,0.49117777,0.496608539,0.497710078,6.4,6.4,6.4,6.4,6.4,6.4,6.4,6.4,6.34,6.28,6.22,6.16,6.1,6.02,5.94,5.86,5.78,5.7,5.58,5.46,5.34,5.22,5.1,5.083333333,5.066666667,5.05,5.0333335,5.016667,5,5,5,,,,,,,,,,,,,,,,,,,,,,,,,,,,,,,,,,,,,,,,,,,,,,,,,,,,,,,,,,,,,,
Canada,0.88652953,0.890461954,0.893644048,0.89696677,0.900334036,0.901968303,0.905134855,0.903935569,0.906910307,0.911113603,0.913115075,0.914633704,0.917875141,0.920245823,0.922057321,0.92305481,0.922078411,0.918970022,0.920058092,0.921502395,0.921594024,0.921671433,0.923167979,0.924305572,0.926774343,0.93067488,0.93316745,0.936132171,0.939487798,0.943432726,0.945563844,1.824,1.796,1.782,1.768,1.754,1.74,1.7,1.69,1.68,1.65,1.67,1.675,1.68,1.68,1.77,1.83,1.7,1.71,1.7,1.6695,1.639,1.592,1.55,1.53,1.51,1.49,1.505,1.52,1.53,1.53,1.509,,,,,,,,,,,,,,,,,,,,,,,,,,,,,,,,,,,,,,,,,,,,,,,,,,,,,,,,,,,,,,
Cape Verde,,,,,,,0.567882727,0.57169037,0.578730984,0.585522856,0.591053036,0.593749497,0.596517646,0.601077411,0.605443939,0.607065252,0.611947745,0.619763167,0.629460818,0.639098156,0.649050849,0.657193521,0.666100583,0.675357556,0.685229469,0.693337221,0.699641482,0.706474996,0.712853958,0.71491712,0.721743328,6.75,6.75,6.75,6.69,6.63,6.57,6.51,6.45,6.34,6.23,6.12,6.01,5.9,5.72,5.54,5.36,5.18,5,4.82,4.64,4.46,4.28,4.1,4.0342,3.9684,3.9026,3.8368,3.771,3.6902,3.6094,3.5286,,,,,,,,,,,,,,,,,,,,,,,,,,,,,,,,,,,,,,,,,,,,,,,,,,,,,,,,,,,,,,
Central African Republic,0.379628168,0.38133753,0.382114367,0.382984295,0.381731365,0.379259931,0.378407037,0.382505449,0.37769737,0.382707038,0.384918343,0.387059376,0.384519909,0.381138294,0.380631277,0.37774189,0.375659519,0.370539231,0.367637039,0.367251704,0.36815369,0.362998379,0.363059445,0.364270921,0.364987853,0.365071148,0.362049156,0.354149435,0.348985413,0.345846739,0.346426647,5.889,5.889,5.889,5.8492,5.8094,5.7696,5.7298,5.69,5.69,5.69,5.69,5.69,5.69,5.672,5.654,5.636,5.618,5.6,5.54,5.48,5.42,5.36,5.3,5.2316,5.1632,5.0948,5.0264,4.958,4.882,4.806,4.73,,,,,,,,,,,,,,,,,,,,,,,,,,,,,,,,,,,,,,,,,,,,,,,,,,,,,,,,,,,,,,
Chad,0.27362366,0.274130671,0.274253091,0.275015983,0.262593752,0.260087676,0.261590521,0.265373471,0.273436559,0.274445361,0.285204543,0.282582902,0.280855012,0.287728874,0.289237006,0.28573132,0.289174612,0.293044441,0.280887549,0.287871652,0.290157708,0.292980571,0.297646053,0.303472082,0.305114976,0.307312514,0.311297373,0.315325314,0.323217243,0.340018898,0.342423899,6.65,6.65,6.65,6.65,6.65,6.65,6.65,6.65,6.65,6.65,6.65,6.65,6.65,6.65,6.65,6.65,6.65,6.65,6.65,6.65,6.65,6.65,6.65,6.591666667,6.533333333,6.475,6.4166665,6.358333,6.3,6.39,6.3,,,,,,,,,,,,,,,,,,,,,,,,,,,,,,,,,,,,,,,,,,,,,,,,,,,,,,,,,,,,,,
Chile,0.714486918,0.715538755,0.719402634,0.726549386,0.734312385,0.741771629,0.747411593,0.744382794,0.743534341,0.749085523,0.75418605,0.758485747,0.763302976,0.768136443,0.774610581,0.77749831,0.782609797,0.790932968,0.796562078,0.801560257,0.809145408,0.815151675,0.820793073,0.825438874,0.827926105,0.83322169,0.838107333,0.842373254,0.846114898,0.851601435,0.857318861,2.803,2.803,2.803,2.7766,2.7502,2.7238,2.6974,2.671,2.6668,2.6626,2.6584,2.6542,2.65,2.63,2.61,2.59,2.57,2.55,2.482,2.414,2.346,2.278,2.21,2.168,2.126,2.084,2.042,2,1.9888,1.9776,1.9664,,,,,,,,,,,,,,,,,,,,,,,,,,,,,,,,,,,,,,,,,,,,,,,,,,,,,,,,,,,,,,
China,0.562730162,0.560971949,0.564289038,0.572407646,0.5784481,0.584636212,0.589451189,0.596184691,0.602083561,0.610172739,0.61740722,0.62221889,0.62837959,0.63382377,0.635590006,0.637232387,0.644672366,0.655167882,0.665939575,0.676281056,0.68555403,0.694394986,0.702894517,0.711059709,0.719129322,0.727842543,0.734362854,0.741122646,0.750065457,0.760426681,0.766978904,3.39,2.95,2.74,2.6,2.31,2.54,2.96,2.309,2.278,2.247,2.358667,2.4703335,2.582,2.471,2.36,2.1,2.025,1.95,1.94,1.93,1.92,1.91,1.9,1.896,1.892,1.888,1.884,1.88,1.88,1.85,1.813333,,,,,,,,,,,,,,,,,,,,,,,,,,,,,,,,,,,,,,,,,,,,,,,,,,,,,,,,,,,,,,
Colombia,0.666556914,0.667896239,0.668878017,0.675333121,0.680197852,0.68439861,0.687628414,0.690154568,0.690980165,0.692783766,0.694460124,0.697617995,0.700546885,0.702406017,0.703936774,0.706877658,0.707823821,0.712029293,0.716416421,0.729954743,0.743172269,0.754713625,0.760174889,0.763414154,0.76396857,0.766767943,0.766371456,0.771075108,0.773910848,0.780170724,0.78572339,4.339,4.339,4.339,4.2082,4.0774,3.9466,3.8158,3.685,3.5824,3.4798,3.3772,3.2746,3.172,3.1406,3.1092,3.0778,3.0464,3.015,2.9724,2.9298,2.8872,2.8446,2.802,2.7662,2.7304,2.6946,2.6588,2.623,2.4,2.4,2.4,,,,,,,,,,,,,,,,,,,,,,,,,,,,,,,,,,,,,,,,,,,,,,,,,,,,,,,,,,,,,,
"Congo, Dem. Rep.",0.481546825,0.476749708,0.475385353,0.470410983,0.468767092,0.468145925,0.467663564,0.465671546,0.463919576,0.464380501,0.462074393,0.462062262,0.460946507,0.457155888,0.452301471,0.444265251,0.43498241,0.425023672,0.41206751,0.405121694,0.401030616,0.392777587,0.38209085,0.379099572,0.374554368,0.372706519,0.374308497,0.378871553,0.382185898,0.385893694,0.389484797,6.6,6.6,6.6,6.62,6.64,6.66,6.68,6.7,6.7,6.7,6.7,6.7,6.7,6.7,6.7,6.7,6.7,6.7,6.7,6.7,6.7,6.7,6.7,6.7,6.7,6.7,6.7,6.7,6.7,6.7,6.7,,,,,,,,,,,,,,,,,,,,,,,,,,,,,,,,,,,,,,,,,,,,,,,,,,,,,,,,,,,,,,
"Congo, Rep.",0.525271,0.524056121,0.517117857,0.519859923,0.524371061,0.532698362,0.541005383,0.552060595,0.552856874,0.554233366,0.551189814,0.544849585,0.542564353,0.538196587,0.534286512,0.529508231,0.525506466,0.517885771,0.509492053,0.498491957,0.495221574,0.49208399,0.486252417,0.48622227,0.482733923,0.497070574,0.505138694,0.510110362,0.511901681,0.52119271,0.525141083,6.293,6.293,6.293,6.2924,6.2918,6.2912,6.2906,6.29,6.29,6.29,6.29,6.29,6.29,6.29,6.29,6.29,6.29,6.29,6.29,6.29,6.29,6.29,6.29,6.041666667,5.793333333,5.545,5.296666667,5.048333333,4.8,5.2,5.6,,,,,,,,,,,,,,,,,,,,,,,,,,,,,,,,,,,,,,,,,,,,,,,,,,,,,,,,,,,,,,
Costa Rica,0.75634709,0.757908292,0.761176036,0.766095467,0.770293994,0.772219624,0.772450568,0.769740503,0.770923278,0.773894212,0.774111168,0.776898455,0.780274568,0.784511284,0.789437749,0.793773314,0.795147607,0.796466855,0.799967101,0.799500638,0.802414221,0.801877256,0.804832568,0.808510602,0.81374673,0.816899459,0.819648418,0.825094439,0.828747611,0.837383725,0.84055887,3.86,3.72,3.81,3.78,3.75,3.63,3.62,3.54,3.41,3.44,3.72,3.58,3.36,3.33,3.35,3.2,3.04,3.02,3.02,2.85,2.78,2.69,2.68,2.6,2.6,2.39,2.28,2.08,2.08,2.02,2,,,,,,,,,,,,,,,,,,,,,,,,,,,,,,,,,,,,,,,,,,,,,,,,,,,,,,,,,,,,,,
Cote d'Ivoire,0.439994629,0.444191198,0.445517552,0.450317519,0.450652124,0.443205433,0.444126982,0.443261127,0.438142225,0.433805402,0.433557465,0.432764199,0.430100964,0.424930565,0.423531841,0.419974298,0.417125577,0.41450954,0.412613692,0.411328903,0.413473411,0.415968316,0.417459672,0.419921085,0.420790657,0.418930622,0.417651801,0.415472239,0.41281154,0.413175649,0.412430601,7.41,7.41,7.41,7.41,7.41,7.41,7.41,7.41,7.308,7.206,7.104,7.002,6.9,6.775,6.65,6.525,6.4,6.275,6.1444,6.0138,5.8832,5.7526,5.622,5.5096,5.3972,5.2848,5.1724,5.06,4.9408,4.8216,4.7024,,,,,,,,,,,,,,,,,,,,,,,,,,,,,,,,,,,,,,,,,,,,,,,,,,,,,,,,,,,,,,
Croatia,,,,,,,,,,,,,,,,0.801708926,0.791841505,0.781538902,0.777752626,0.783751371,0.790101937,0.798407222,0.80317393,0.809183966,0.811843725,0.817415487,0.824677807,0.831559043,0.836946851,0.843982538,0.847706049,2.02,2.02,2.02,1.996,1.972,1.948,1.924,1.9,1.88,1.87,1.82,1.76,1.64,1.79,1.63,1.63,1.53,1.48,1.52,1.47,1.58,1.67,1.69,1.45,1.38,1.39,1.27,1.34,1.33,1.35,1.42,,,,,,,,,,,,,,,,,,,,,,,,,,,,,,,1.61,0,0,0,0,0,0,0,0,0,0,0,0,0,0,0,0,0,0,0,0,0,0,0,0,0,0,0.14,0.17,0.17,0.2,0.18
Cyprus,0.768912065,0.778674753,0.786821793,0.792310024,0.79883329,0.803107869,0.805453523,0.809847531,0.813466294,0.81847166,0.82150367,0.82394556,0.828194453,0.832494229,0.836229839,0.839296239,0.839655565,0.846264354,0.847617349,0.853903932,0.860438418,0.862748628,0.865427903,0.870731938,0.875884602,0.879475462,0.884761331,0.890040486,0.894983211,0.897345569,0.897492079,2.24,2.24,2.24,2.313333333,2.386666667,2.46,2.415,2.37,2.425,2.48,2.38,2.4,2.32,2.41,2.37,2.42,2.33,2.49,2.27,2.23,2.13,2.08,2,1.92,1.83,1.64,1.57,1.49,1.5,1.49,1.42,,,,,,,,,,,,,,,,,,,,,,,,,,,,,,,,,,,,,,,,,,,,,,,,,,,,,,,,,,,,,,
Czech Republic,,,,,,,,,,,,,,,,0.830474721,0.826756095,0.828925023,0.832076328,0.834838948,0.839076818,0.845344364,0.846037762,0.849402904,0.851651385,0.858855432,0.864917911,0.868429979,0.870982774,0.877283597,0.883028922,2.43,2.39,2.34,2.33,2.27,2.07,2,2.02,1.97,1.97,1.95,1.94,1.91,1.94,1.874,1.893,1.86,1.72,1.67,1.44,1.278,1.185,1.17,1.157,1.13,1.14,1.14,1.17,1.18,1.23,1.28151,2.26633538,2.233744972,2.194693836,2.219310977,2.140776781,2.046115612,1.997338601,1.961572961,1.968552797,2.023138732,2.071663068,2.045852042,1.992036127,2.031491845,1.927784429,1.907334825,1.918895417,1.867841879,2.037120602,2.071173437,1.948930365,1.757333876,1.677434723,1.597736876,1.619396787,1.753257468,1.6865909,1.630722076,1.6966664,1.76991823,1.798706299,0,-0.02,-0.02,-0.02,-0.03,-0.04,0.02,-0.03,-0.05,0,0.04,0.04,0.04,0,0.04,-0.01,-0.04,0.08,0.1,0.31,0.41,0.35,0.36,0.31,0.24,0.35,0.39,0.29,0.3,0.39,0.3
Denmark,0.870765455,0.872229233,0.877639216,0.877147718,0.87776161,0.876719571,0.876292397,0.879624606,0.879901496,0.882629731,0.883801449,0.886758945,0.887330006,0.888416227,0.88862307,0.889112766,0.891638244,0.894522147,0.895604727,0.901626634,0.903924738,0.908989611,0.914237686,0.919264485,0.922987313,0.9274643,0.931217542,0.932661343,0.935811292,0.938040011,0.943050939,1.919,1.747,1.66,1.668,1.602,1.546,1.437,1.427,1.377,1.4,1.447,1.48,1.5,1.56,1.62,1.67,1.68,1.76,1.75,1.806,1.807,1.747,1.752,1.724,1.735,1.771,1.746,1.72,1.76,1.78,1.8,1.977354363,1.874795769,1.803303403,1.948329173,1.840121238,1.815566412,1.740810164,1.75595513,1.758715152,1.729813621,1.705506702,1.772339506,1.789895916,1.804373527,1.803426902,2.030801654,2.032131344,1.978974748,2.036761646,2.066395293,2.032283687,1.903507963,1.909106697,1.933398532,1.94500481,1.912126478,1.936814662,2.019138508,2.003582208,1.973708468,2.018565479,0,0.11,0.03,0.22,0.15,0.16,0.21,0.21,0.25,0.24,0.14,0.16,0.2,0.22,0.09,0.09,0.42,0.06,0.21,0.12,0.17,0.12,0.06,0.05,0.11,0.16,0.04,0.2,0.15,0.15,0.04
Dominican Republic,0.666060242,0.668284546,0.669626707,0.671743702,0.675178143,0.680440319,0.683794542,0.685779393,0.689868074,0.692155184,0.692577385,0.6961397,0.703157363,0.706055699,0.710174931,0.70878698,0.711050394,0.717988673,0.720632665,0.724023746,0.727614074,0.732530219,0.737973547,0.742892479,0.748199294,0.755353265,0.761804111,0.764292082,,,,4.76,4.76,4.76,4.608,4.456,4.304,4.152,4,3.894,3.788,3.682,3.576,3.47,3.416,3.362,3.308,3.254,3.2,3.17,3.14,3.11,3.08,3.05,3.03,3.01,2.99,2.97,2.95,,,,,,,,,,,,,,,,,,,,,,,,,,,,,,,,,,,,,,,,,,,,,,,,,,,,,,,,,,,,,,,,,
Ecuador,0.659457894,0.661950608,0.661630488,0.667153166,0.671853339,0.676164175,0.679916221,0.681530827,0.681973014,0.685959394,0.689475473,0.693639369,0.694406741,0.700308485,0.702315238,0.705285246,0.710172657,0.713053036,0.71506208,0.71953063,0.722487015,0.725876228,0.730225163,0.733113633,0.731240785,0.735261593,0.740814312,0.745404312,0.747406715,0.75202505,0.754710637,5.401,5.401,5.401,5.261,5.121,4.981,4.841,4.701,4.5608,4.4206,4.2804,4.1402,4,3.8802,3.7604,3.6406,3.5208,3.401,3.3408,3.2806,3.2204,3.1602,3.1,3.0436,2.9872,2.9308,2.8744,2.818,2.77,2.722,2.674,,,,,,,,,,,,,,,,,,,,,,,,,,,,,,,,,,,,,,,,,,,,,,,,,,,,,,,,,,,,,,
Egypt,0.475406219,0.481812516,0.48734251,0.492027491,0.496812394,0.503596598,0.507076719,0.513725546,0.521302933,0.528200026,0.535382492,0.54048033,0.548009821,0.555280091,0.562426813,0.570017505,0.575182484,0.584064004,0.592927568,0.602476136,0.612257517,0.622370544,0.634087491,0.643251802,0.653515644,0.661527574,0.668572364,0.674922803,0.680771742,0.689257559,0.696229918,5.5,5.5,5.5,5.46,5.42,5.38,5.34,5.3,5.2,5.1,5,4.9,4.8,4.6216,4.4432,4.2648,4.0864,3.908,3.754,3.6,3.566666667,3.533333333,3.5,3.5,3.5,3.433333333,3.366666667,3.3,3.2,3.1,3.1,,,,,,,,,,,,,,,,,,,,,,,,,,,,,,,,,,,,,,,,,,,,,,,,,,,,,,,,,,,,,,
El Salvador,0.601843383,0.603196822,0.605486786,0.60717146,0.60377265,0.596006091,0.589303832,0.58531085,0.5928041,0.600175843,0.607051177,0.613568349,0.621255562,0.62561979,0.629385224,0.635157176,0.640169225,0.649825857,0.659036172,0.667540245,0.676233371,0.682436113,0.69002767,0.696105049,0.702043165,0.704945951,0.707907488,0.712169237,0.716718532,0.721266713,0.72259436,5.6,5.6,5.6,5.38,5.16,4.94,4.72,4.5,4.3802,4.2604,4.1406,4.0208,3.901,3.8248,3.7486,3.6724,3.5962,3.52,3.45,3.38,3.31,3.24,3.17,3.1126,3.0552,2.9978,2.9404,2.883,2.843,2.803,2.763,,,,,,,,,,,,,,,,,,,,,,,,,,,,,,,,,,,,,,,,,,,,,,,,,,,,,,,,,,,,,,
Equatorial Guinea,,,,,,,,,,,0.515724096,0.513931789,0.516614669,0.517812593,0.516966604,0.518441226,0.517306409,0.520965564,0.521168898,0.52074238,0.524986867,0.536064321,0.562823878,0.568839609,0.583134237,0.584233226,0.608709417,0.613684825,0.612507874,0.623930332,0.623723172,5.68,5.68,5.68,5.702,5.724,5.746,5.768,5.79,5.81,5.83,5.85,5.87,5.89,5.89,5.89,5.89,5.89,5.89,5.89,5.89,5.89,5.89,5.89,5.89,5.89,5.89,5.89,5.89,5.89,5.89,5.89,,,,,,,,,,,,,,,,,,,,,,,,,,,,,,,,,,,,,,,,,,,,,,,,,,,,,,,,,,,,,,
Estonia,,,,,,0.797410687,0.798343469,0.801610515,0.804629421,0.807203117,0.808520171,0.810560631,0.813874851,0.815099279,0.813192765,0.805688993,0.801315699,0.786744406,0.779806932,0.774942827,0.78384975,0.798631412,0.807531237,0.808781388,0.814301424,0.822300626,0.826414996,0.835291548,0.841176336,0.849649736,0.86046659,2.08,2.09,2.08,2.04,2.009,2.02,2.07,2.08,2.16,2.17,2.12,2.17,2.26,2.26,2.21,2.04,1.77,1.69,1.45,1.37,1.32,1.335,1.24,1.21,1.232,1.34,1.34,1.37,1.37,1.47,1.5,2.08,2.09,2.08,2.04,2.009,2.02,2.07,2.08,2.16,2.17,2.12,2.17,2.26,2.247073395,2.138060433,1.958400548,1.730421288,1.712367356,1.542559658,1.560986943,1.665319885,1.78536701,1.631392799,1.596976327,1.654155076,1.863052974,1.867556189,1.840178783,1.808175662,1.695636793,1.900108367,0,-0.1,0,-0.1,-0.1,-0.1,0,0.1,0,0,-0.1,0.1,-0.1,0.1,-0.3,-0.1,-0.2,0,0,0.1,0.24,0.15,0.23,0.21,0.17,0.21,0.2,0.41,0.15,0.19,0.23
Ethiopia,,,,,,,0.293259486,0.292164392,0.297779913,0.297820429,0.292630343,0.298538373,0.307340167,0.306230538,0.304245405,0.30403742,0.297959285,0.291736136,0.299591733,0.298782654,0.301495538,0.307456191,0.309230422,0.306318296,0.309001704,0.315035131,0.32294077,0.326034837,0.327037792,0.33832188,0.350958298,6,6,6,6.2,6.4,6.6,6.8,7,7.02,7.04,7.06,7.08,7.1,7.036,6.972,6.908,6.844,6.78,6.597,6.414,6.231,6.048,5.865,5.812,5.759,5.706,5.653,5.6,5.513964,5.4,5.317036,,,,,,,,,,,,,,,,,,,,,,,,,,,,,,,,,,,,,,,,,,,,,,,,,,,,,,,,,,,,,,
Finland,0.855986025,0.856525665,0.85982301,0.864044386,0.868933598,0.873132371,0.875758671,0.880259022,0.880920999,0.884157216,0.884156082,0.887114886,0.889463495,0.891757517,0.895445813,0.89510579,0.89342425,0.893987038,0.89618317,0.90368292,0.907206022,0.912437555,0.918415113,0.923912607,0.928508751,0.934186029,0.938703232,0.941026369,0.944841001,0.942480916,0.944855729,1.688,1.72,1.69,1.652,1.642,1.63,1.65,1.72,1.74,1.7,1.64,1.6,1.59,1.7,1.71,1.78,1.8,1.85,1.81,1.85,1.81,1.76,1.75,1.7,1.74,1.73,1.73,1.72,1.76,1.8,1.8,1.688,1.72,1.69,1.652,1.642,1.63,1.65,1.72,1.74,1.7,1.64,1.6,1.59,1.7,1.71,1.78,1.864192258,1.958911611,1.976089424,2.107744559,2.040702666,1.941822634,1.948433364,1.822078892,1.794547644,1.785583228,1.840272025,1.936459643,1.930790997,1.885141091,1.920923357,0,0.2,0.1,0.2,0.2,0,0.2,-0.4,0.19,0.11,0.22,0.13,0.24,0.09,0.08,0.02,0.09,0.09,0.18,0.12,0.24,0.07,0.12,0.04,-0.04,0.02,0.09,0.09,0.22,0.02,0.07
France,0.859947155,0.863386412,0.868144525,0.87040321,0.873643249,0.874935681,0.876325295,0.879612958,0.880453836,0.883738031,0.885126371,0.887712778,0.891859385,0.89549781,0.897933318,0.900647879,0.902075784,0.905434194,0.905963429,0.910255075,0.912939001,0.915642884,0.91969038,0.922189569,0.925924839,0.9298492,0.931479815,0.932664101,0.933535594,0.939794579,0.944727234,1.927,1.828,1.861,1.821,1.855,1.945,1.945,1.912,1.787,1.807,1.823,1.843,1.8,1.8,1.79,1.78,1.77,1.73,1.65,1.65,1.713,1.733,1.726,1.764,1.793,1.88,1.89,1.88,1.89,1.9,1.92,1.927,1.828,1.861,1.821,1.855,1.945,1.945,1.912,1.787,1.807,1.823,1.843,1.8,1.8,1.79,1.78,1.77,1.73,1.65,1.65,1.713,1.733,1.726,1.764,1.960414275,2.035453005,2.109067953,2.13415349,2.062893193,2.063588532,2.097569269,0,0.06,0.19,0.04,0.12,0.06,0.13,0.21,0.12,0.21,0.21,0.3,0.16,0.13,0.11,0.13,0.04,0.17,0.21,0.3,0.15,0.11,0.09,0.04,0.1,0.06,0.12,0.17,0.2,0.07,0.12
Gabon,0.639429203,0.654790309,0.645695753,0.632834113,0.635517368,0.639315852,0.644460464,0.645078474,0.649784001,0.6554569,0.655760397,0.656906192,0.648023779,0.653157877,0.656129616,0.657361877,0.659092207,0.655367212,0.653672525,0.654278068,0.655610978,0.656275825,0.658120201,0.656474274,0.647831744,0.642858354,0.641754823,0.641369108,0.642019553,0.642882573,0.642270683,5.5,5.5,5.5,5.5,5.5,5.5,5.5,5.5,5.5,5.5,5.5,5.5,5.5,5.44,5.38,5.32,5.26,5.2,5.06,4.92,4.78,4.64,4.5,4.4034,4.3068,4.2102,4.1136,4.017,3.9202,3.8234,3.7266,,,,,,,,,,,,,,,,,,,,,,,,,,,,,,,,,,,,,,,,,,,,,,,,,,,,,,,,,,,,,,
Georgia,0.753493258,0.756405237,0.759761807,0.763426535,0.767043724,0.769160409,0.771619825,0.772314063,0.775133559,0.778518957,0.781619653,0.777240538,0.778293522,0.780973608,0.776734374,0.768087178,0.755550995,0.72261935,0.70362739,0.697866892,0.699550867,0.705566477,0.711120102,0.712732524,0.714187093,0.71758468,0.720448844,0.724175919,0.733458354,0.739087898,0.747734347,2.39,2.39,2.39,2.3658,2.3416,2.3174,2.2932,2.269,2.2678,2.2666,2.2654,2.2642,2.263,2.2004,2.1378,2.0752,2.0126,1.95,1.876,1.802,1.728,1.654,1.58,1.5608,1.5416,1.5224,1.5032,1.484,1.462,1.44,1.39,,,,,,,,,,,,,,,,,,,,,,,,,,,,,,,1.85,,,,,,,,,,,,,,,,,,,,,,,,,,,,,,,
Germany,0.844206982,0.847175858,0.848948924,0.851896671,0.855396495,0.857204412,0.858430583,0.859295791,0.862301551,0.86604497,0.86935331,0.87265683,0.875384295,0.877831148,0.880158714,0.883399421,0.886382545,0.890170929,0.889849902,0.893493159,0.895497736,0.89746837,0.900786021,0.904364676,0.907049273,0.909767402,0.912067059,0.910717226,0.911708005,0.912999875,0.916344353,1.45,1.45,1.4,1.38,1.38,1.44,1.43,1.41,1.33,1.29,1.37,1.43,1.43,1.46,1.42,1.45,1.33,1.29,1.28,1.24,1.25,1.3,1.35,1.36,1.36,1.38,1.35,1.31,1.34,1.37,1.36,1.45,1.45,1.4,1.38,1.38,1.44,1.43,1.41,1.33,1.29,1.37,1.43,1.43,1.46,1.42,1.481437648,1.419755489,1.442990108,1.468289389,1.405864199,1.400767056,1.440038358,1.483192039,1.487413555,1.479093169,1.529365776,1.538992481,1.53738685,1.596831662,1.488492699,1.477478366,0,0,0,0,0,0,0,0,0,0,0,0,0,0,0,0,0,0.16,0.17,0.18,0.2,0.11,0.17,0.12,0.16,0.16,0.16,0.23,0.19,0.19,0.19
Ghana,0.481625283,0.478525455,0.478822352,0.484593767,0.484256458,0.48532371,0.483845809,0.480135253,0.477470589,0.482047624,0.484891016,0.487927568,0.490852066,0.493575597,0.496034712,0.497548285,0.500092578,0.502157094,0.503724079,0.504512134,0.505799879,0.507415995,0.508872477,0.510234163,0.511458724,0.513990963,0.51294793,0.515704909,0.518407266,0.524419694,0.532034659,6.65,6.65,6.65,6.62,6.59,6.56,6.53,6.5,6.4174,6.3348,6.2522,6.1696,6.087,5.9606,5.8342,5.7078,5.5814,5.455,5.3276,5.2002,5.0728,4.9454,4.818,4.7314,4.6448,4.5582,4.4716,4.385,4.2754,4.1658,4.0562,,,,,,,,,,,,,,,,,,,,,,,,,,,,,,,,,,,,,,,,,,,,,,,,,,,,,,,,,,,,,,
Greece,0.829297392,0.832251447,0.833008834,0.837402208,0.839726553,0.840770742,0.840625048,0.840863092,0.840383915,0.841662355,0.843275227,0.847127783,0.849383606,0.85236635,0.854995162,0.856000744,0.858257371,0.860322507,0.859854961,0.86278008,0.864114548,0.866477755,0.871522113,0.872312783,0.875665868,0.880444048,0.887830177,0.897873846,0.904435185,0.910829439,0.918415377,2.365,2.385,2.266,2.274,2.261,2.226,2.091,2.024,1.94,1.823,1.677,1.615,1.5,1.5,1.41,1.4,1.38,1.38,1.34,1.36,1.32,1.3,1.31,1.29,1.28,1.29,1.25,1.27,1.28,1.31,1.28,2.365,2.385,2.266,2.274,2.261,2.226,2.091,2.024,1.94,1.823,1.677,1.615,1.5,1.5,1.41,1.4,1.38,1.38,1.705929009,1.675698876,1.664649996,1.608410205,1.61103675,1.549721658,1.500766223,1.519384347,1.493511652,1.470177031,1.517986095,1.576280515,1.479194598,0,0,0,0,0,-0.1,0.1,0,0,0.1,0.2,0.2,0.2,0.2,0.2,0.2,0.2,0.24,0.27,0.13,0.26,0.19,0.19,0.18,0.15,0.22,0.16,0.24,0.14,0.23,0.17
Guatemala,0.553170109,0.555729669,0.558545676,0.562067947,0.565440665,0.568291893,0.569431672,0.568203737,0.568113198,0.56976596,0.570830543,0.572343839,0.575738131,0.578994182,0.58228157,0.585114838,0.588241144,0.593414923,0.598414333,0.60347695,0.610394101,0.616256277,0.622879025,0.629327373,0.63514803,0.642014385,0.646852883,0.652765374,0.655954515,0.659305328,0.662468745,6.201,6.201,6.201,6.1808,6.1606,6.1404,6.1202,6.1,6.0202,5.9404,5.8606,5.7808,5.701,5.6508,5.6006,5.5504,5.5002,5.45,5.3602,5.2704,5.1806,5.0908,5.001,4.9208,4.8406,4.7604,4.6802,4.6,4.5104,4.4208,4.3312,,,,,,,,,,,,,,,,,,,,,,,,,,,,,,,,,,,,,,,,,,,,,,,,,,,,,,,,,,,,,,
Guinea,,,,,0.33613358,0.337568911,0.338021637,0.33918847,0.34169068,0.34421646,0.34861314,0.351954325,0.355358008,0.36064857,0.364557282,0.368449686,0.371223471,0.375447077,0.380462514,0.385076057,0.390294711,0.396117494,0.401863549,0.406583572,0.411308617,0.415428345,0.42076074,0.428313061,0.430838497,0.434141322,0.438580598,6.9,6.9,6.9,6.8806,6.8612,6.8418,6.8224,6.803,6.7676,6.7322,6.6968,6.6614,6.626,6.5848,6.5436,6.5024,6.4612,6.42,6.373,6.326,6.279,6.232,6.185,5.8425,5.5,5.633333333,5.766666667,5.9,5.8,5.7,5.6,,,,,,,,,,,,,,,,,,,,,,,,,,,,,,,,,,,,,,,,,,,,,,,,,,,,,,,,,,,,,,
Honduras,0.59222581,0.5959468,0.599564818,0.606865942,0.611409911,0.613820108,0.617288063,0.618615521,0.620141075,0.62456748,0.62892213,0.631408599,0.636769248,0.639282515,0.641656967,0.641740955,0.643564624,0.647740436,0.651668159,0.651524832,0.654351093,0.656950138,0.660320797,0.662205222,0.661479351,0.664911663,0.666830505,0.670101033,0.674318201,0.67939267,0.682192919,6.6,6.6,6.6,6.48,6.36,6.24,6.12,6,5.874,5.748,5.622,5.496,5.37,5.2792,5.1884,5.0976,5.0068,4.916,4.793,4.67,4.547,4.424,4.301,4.1854,4.0698,3.9542,3.8386,3.723,3.64,3.557,3.474,,,,,,,,,,,,,,,,,,,,,,,,,,,,,,,,,,,,,,,,,,,,,,,,,,,,,,,,,,,,,,
Hungary,0.782864633,0.786199895,0.791516747,0.788577088,0.793753266,0.790443784,0.79248543,0.795346585,0.793755435,0.795695575,0.795467984,0.797669425,0.802786637,0.805051364,0.80257546,0.799913618,0.793214496,0.791973001,0.793539598,0.799191755,0.803793071,0.809525929,0.816113557,0.819991035,0.824997668,0.833248879,0.842773261,0.848266362,0.854506353,0.858465056,0.862694706,2.35,2.23,2.15,2.07,2.01,1.91,1.877,1.92,1.73,1.73,1.83,1.83,1.81,1.79,1.78,1.84,1.86,1.77,1.69,1.64,1.57,1.46,1.38,1.33,1.29,1.32,1.31,1.3,1.27,1.28,1.32,2.169523925,2.05116957,2.017750395,1.933342379,1.954614444,1.980817795,1.987461977,1.932266044,1.885524007,1.888499667,2.063645966,2.048325562,1.952306317,1.904809992,1.885365652,1.989133925,2.035868639,1.943557903,1.912525152,1.891131042,1.894348713,1.739928125,1.682727333,1.732276426,1.683959776,1.743181757,1.742283123,1.710612382,1.742474272,1.789920706,1.706168937,0,-0.11,0,0,-0.01,0.04,0.1,0.02,0.09,0.05,0.09,0.06,0.08,0.11,0.05,0,0.1,0.13,0.1,0.16,0.23,0.25,0.2,0.27,0.31,0.25,0.22,0.29,0.32,0.36,0.35
Iceland,0.847508011,0.855281403,0.859495089,0.863628773,0.867441465,0.872106658,0.875843976,0.87547192,0.875490955,0.879212228,0.882773196,0.884301396,0.889861202,0.884369705,0.894286415,0.896139471,0.896156843,0.893252004,0.898082519,0.901983303,0.902963685,0.909850681,0.912559682,0.917151481,0.922671696,0.92811992,0.933009395,0.935316259,0.941817584,0.951876918,0.956373502,2.613,2.529,2.319,2.355,2.49,2.48,2.33,2.26,2.24,2.08,1.93,1.93,2.05,2.2,2.2,2.31,2.19,2.21,2.22,2.14,2.08,2.12,2.04,2.05,1.994,2.08,1.95,1.93,1.99,2.03,2.05,2.613,2.529,2.319,2.355,2.49,2.48,2.33,2.26,2.24,2.08,1.93,1.93,2.05,2.2,2.2,2.31,2.19,2.21,2.451369573,2.490263225,2.413557871,2.259058433,2.130244095,2.1570291,2.357557029,2.725318279,2.428254816,2.281926829,2.254432953,2.121646636,2.169865878,0,0,0,0,0.2,-0.1,0.2,0.3,0.3,0.2,0.2,0.2,0.1,0.3,0.3,0,0.4,0.19,0.17,0.13,0.04,0.03,0.09,0.11,-0.07,0.4,0.25,0.31,0.02,0.13,0.11
India,0.451273665,0.450944666,0.453558468,0.457829011,0.456006949,0.460792398,0.465419841,0.468632143,0.474067555,0.477974929,0.482714832,0.486967491,0.490940606,0.497835719,0.502994438,0.507841742,0.510069912,0.517793346,0.524808418,0.533209857,0.541716396,0.550104765,0.556973143,0.563588915,0.570812382,0.577555966,0.583531492,0.587068154,0.595176707,0.602853603,0.609353995,5.184,5.184,5.184,5.1072,5.0304,4.9536,4.8768,4.8,4.68,4.56,4.44,4.32,4.2,4.068,3.936,3.804,3.672,3.54,3.492,3.444,3.396,3.348,3.3,3.224,3.148,3.072,2.996,2.92,2.92,2.88,2.839333,,,,,,,,,,,,,,,,,,,,,,,,,,,,,,,,,,,,,,,,,,,,,,,,,,,,,,,,,,,,,,
Indonesia,0.531144558,0.533006812,0.536323138,0.543868317,0.550372486,0.557748984,0.564867424,0.568283145,0.576200049,0.583474266,0.588800992,0.595461194,0.601790799,0.607016259,0.613647684,0.620222746,0.628209489,0.635807519,0.643072222,0.650527285,0.658465806,0.66602719,0.67205729,0.667160039,0.670541057,0.676166638,0.682659126,0.688941785,0.69658735,0.703685274,0.708300383,4.73,4.73,4.73,4.6058,4.4816,4.3574,4.2332,4.109,3.9672,3.8254,3.6836,3.5418,3.4,3.3,3.2,3.1,3,2.9,2.82,2.74,2.66,2.58,2.5,2.4734,2.4468,2.4202,2.3936,2.367,2.367,2.33,2.2662,,,,,,,,,,,,,,,,,,,,,,,,,,,,,,,,,,,,,,,,,,,,,,,,,,,,,,,,,,,,,,
Iran,0.602336171,0.609640645,0.607141725,0.603197668,0.599412471,0.591765719,0.588995252,0.595951471,0.604349391,0.605193623,0.607976545,0.604466551,0.611589146,0.61567257,0.626906681,0.642138589,0.657150066,0.66603927,0.670627269,0.675903567,0.682831819,0.692148099,0.69756182,0.702415393,0.706923072,0.712000356,0.716809596,0.722808224,0.732361936,0.746092296,0.756298826,6.5,6.5,6.5,6.526,6.552,6.578,6.604,6.63,6.428,6.226,6.024,5.822,5.62,5.3616,5.1032,4.8448,4.5864,4.328,3.9692,3.6104,3.2516,2.8928,2.534,2.452,2.37,2.288,2.206,2.124,2.1072,2.0904,2.0736,,,,,,,,,,,,,,,,,,,,,,,,,,,,,,,,,,,,,,,,,,,,,,,,,,,,,,,,,,,,,,
Ireland,0.821409293,0.821293898,0.824931253,0.829242606,0.831187213,0.833491983,0.835788953,0.837610306,0.837866892,0.840617731,0.84291033,0.843430936,0.846647419,0.850139654,0.854025276,0.862250333,0.865492115,0.874718809,0.876084174,0.879191444,0.88453142,0.889318106,0.896830186,0.902811289,0.909861464,0.91586708,0.922631829,0.930154718,0.936426866,0.943690638,0.94978912,3.396,3.312,3.269,3.24,3.229,3.229,3.07,2.957,2.759,2.589,2.5,2.45,2.31,2.17,2.08,2.12,2.09,2.02,1.93,1.86,1.87,1.91,1.92,1.93,1.88,1.89,1.94,1.97,1.98,1.99,1.88,3.396,3.312,3.269,3.24,3.229,3.229,3.07,2.957,2.759,2.589,2.5,2.45,2.31,2.17,2.08,2.12,2.09,2.284090901,2.220416012,2.171625267,2.106321699,2.114542168,2.154486875,2.067095786,2.075542987,2.102522559,2.218104016,2.252404594,2.263838119,2.275271645,2.229766212,0,0.13,0.03,-0.02,-0.12,-0.03,0.01,0.13,0.08,0.15,0.23,0.06,0.18,0.07,0.25,-0.01,-0.21,0.1,0.27,0.3,0.3,-0.02,0.1,-0.02,-0.01,0.11,0.18,0.19,0.37,0.26,0.16
Israel,0.837817881,0.84236416,0.841127486,0.843956152,0.847585042,0.851992533,0.855818304,0.854930634,0.857775928,0.859487102,0.862613925,0.862961373,0.867604673,0.863231202,0.873161845,0.876785382,0.878404603,0.879511444,0.886038097,0.891100815,0.894874252,0.901347932,0.902744693,0.905708529,0.909800071,0.915793389,0.917821785,0.918455841,0.918693381,0.917753277,0.921551425,3.41,3.41,3.41,3.354,3.298,3.242,3.186,3.13,3.106,3.082,3.058,3.034,3.01,2.948,2.886,2.824,2.762,2.7,2.8,2.9,2.9,2.9,2.94,2.98,2.965,2.95,2.92,2.89,2.95,2.9,2.82,,,,,,,,,,,,,,,,,,,,,,,,,,,,,,,,,,,,,,,,,,,,,,,,,,,,,,,,,,,,,,
Italy,0.84113469,0.846601367,0.849842251,0.853243023,0.858021655,0.85945279,0.862135343,0.864883302,0.864541458,0.87045763,0.87256531,0.875883166,0.879927535,0.883189649,0.887219479,0.888604503,0.889518163,0.892935386,0.894945203,0.898478443,0.902526537,0.905699428,0.909386615,0.911725575,0.915975199,0.920707345,0.924717273,0.927222317,0.927935563,0.935252182,0.934401351,2.208,2.108,1.975,1.87,1.762,1.64,1.617,1.592,1.52,1.462,1.39,1.34,1.28,1.32,1.28,1.26,1.27,1.3,1.25,1.22,1.18,1.21,1.22,1.19,1.23,1.24,1.26,1.26,1.28,1.33,1.32,2.100854566,2.133611542,2.045200799,1.94224877,1.9268257,1.843783789,1.757681539,1.792520451,1.780368424,1.755169303,1.729083613,1.651639269,1.660161419,1.673862299,1.633662723,1.638066798,1.644426707,1.596373698,1.503187274,1.597196589,1.508897131,1.622627519,1.427050282,1.318502657,1.540195775,1.389191179,1.430866914,1.459484252,1.488673937,1.563107634,1.531845481,0,0.02,0.12,0.03,0.08,0.14,0.1,0.12,0.17,0.19,0.23,0.16,0.21,0.22,0.18,0.09,0.12,0.28,0.12,0.26,0.31,0.29,0.49,-0.06,0.02,0.02,0.06,0,0,0,0
Jamaica,0.689319379,0.6847856,0.682732495,0.68273292,0.682098559,0.678659472,0.679942152,0.680709743,0.681445552,0.68032189,0.678606929,0.679756618,0.684313286,0.68685056,0.690775775,0.693218457,0.695981041,0.698153497,0.703583157,0.704750681,0.706426518,0.706529968,0.706193202,0.705618366,0.705656768,0.705339273,0.705360632,0.705113481,0.705908908,0.709041312,0.70956785,4,4,4,3.91,3.82,3.73,3.64,3.55,3.46,3.37,3.28,3.19,3.1,3.048,2.996,2.944,2.892,2.84,2.806,2.772,2.738,2.704,2.67,2.6246,2.5792,2.5338,2.4884,2.443,2.443,2.41,2.377,,,,,,,,,,,,,,,,,,,,,,,,,,,,,,,,,,,,,,,,,,,,,,,,,,,,,,,,,,,,,,
Japan,0.856136412,0.860113045,0.864419926,0.867552615,0.871716869,0.871460737,0.874450887,0.878415667,0.879140153,0.882739764,0.886741781,0.890325806,0.894452331,0.89738786,0.902355023,0.905090504,0.90821755,0.90992112,0.911705967,0.915318086,0.916322838,0.922289064,0.92516254,0.925473844,0.926638648,0.931839428,0.934445805,0.935784856,0.938003456,0.941281838,0.943289327,1.909,1.85,1.8,1.79,1.77,1.75,1.74,1.77,1.8,1.81,1.76,1.72,1.69,1.66,1.57,1.54,1.53,1.502,1.458,1.5,1.422,1.425,1.388,1.384,1.342,1.359,1.33,1.32,1.29,1.29,1.26,1.927975377,1.947759852,1.9352088,1.917780509,1.903165816,1.907943411,1.910961668,1.932330886,1.961499985,1.983875656,1.976270483,1.961304712,1.940471491,1.915123011,1.802200023,1.736239142,1.729451415,1.717421203,1.666135593,1.676264167,1.590887202,1.587098394,1.508655602,1.482688631,1.400728136,1.393841823,1.39721992,1.453937703,1.453928683,1.415487608,1.377758591,0,0.08,0.13,0.08,0.07,0.06,0.09,0.08,0.07,0.08,0.12,0.14,0.15,0.12,0.13,0.11,0.08,0.14,0.14,0.13,0.1,0.13,0.05,0.04,0.01,0.01,0.02,0.1,0.21,0.16,0.11
Jordan,0.651919945,0.66202565,0.663486392,0.674946024,0.680631073,0.691132079,0.694475132,0.699155675,0.700423415,0.705306795,0.707604641,0.711703741,0.713654221,0.713550223,0.706405924,0.70780256,0.705482958,0.716281626,0.718829881,0.721922366,0.726002658,0.728002664,0.730663659,0.733579232,0.737401342,0.740440755,0.744599259,0.749057696,0.752429475,0.759043024,0.763485035,7.38,7.38,7.38,7.257,7.134,7.011,6.888,6.765,6.586,6.407,6.228,6.049,5.87,5.724,5.578,5.432,5.286,5.14,4.975,4.81,4.645,4.48,4.315,4.1578,4.0006,3.8434,3.6862,3.529,3.4492,3.3694,3.2896,,,,,,,,,,,,,,,,,,,,,,,,,,,,,,,,,,,,,,,,,,,,,,,,,,,,,,,,,,,,,,
Kazakhstan,,,,,,,,,,,,,,,,0.768299413,0.759944318,0.755178339,0.744216203,0.73129793,0.722946629,0.719188926,0.72259137,0.722647214,0.729605453,0.736968532,0.749193539,0.758315958,0.766552452,0.775416282,0.783105275,3.27,3.20725,3.1445,3.08175,3.019,2.9,2.95,3,3.026666667,3.053333333,3.08,3.135,3.19,3.13,2.82,2.72,2.61,2.5,2.3,2.28,2.26,2.13,2,1.96,1.92,1.88,1.84,1.8,1.782831,1.765662,1.748492,,,,,,,,,,,,,,,,,,,,,,,,,,,,,,,,,,,,,,,,,,,,,,,,,,,,,,,,,,,,,,
Kenya,0.509262865,0.508393782,0.51135996,0.515912536,0.520812389,0.524637349,0.527481469,0.529092529,0.527925037,0.527022281,0.527524272,0.529575358,0.531017316,0.530302557,0.52883804,0.527160501,0.524043327,0.520171339,0.511715233,0.504585334,0.498490871,0.492335845,0.484251009,0.481370034,0.477989463,0.475346243,0.472173801,0.467229092,0.478216193,0.48504346,0.491071414,7.6,7.6,7.6,7.52,7.44,7.36,7.28,7.2,7.06,6.92,6.78,6.64,6.5,6.28,6.06,5.84,5.62,5.4,5.32,5.24,5.16,5.08,5,5,5,5,5,5,4.9918,4.9836,4.9754,,,,,,,,,,,,,,,,,,,,,,,,,,,,,,,,,,,,,,,,,,,,,,,,,,,,,,,,,,,,,,
S. Korea,0.722532223,0.729156386,0.735510785,0.741408456,0.746013219,0.747129762,0.75240815,0.758064589,0.765520973,0.772761837,0.779468465,0.788115646,0.796993601,0.80500414,0.811018321,0.817672512,0.824570506,0.831180806,0.837933485,0.845266645,0.852626777,0.859526068,0.865199744,0.865270033,0.874339431,0.883612153,0.889735771,0.897273881,0.902545194,0.907461259,0.911216963,3.47,3.05,3.02,2.65,2.9,2.83,2.66,2.42,2.08,1.96,1.67,1.6,1.55,1.56,1.58,1.59,1.74,1.78,1.67,1.67,1.65,1.58,1.54,1.47,1.42,1.47,1.3,1.17,1.19,1.16,1.08,,,,,,,,,,,,,,,,,,,,,,,,,,,,,,,,,,,,,,,,,,,,,,,,,,,,,,,,,,,,,,
Kuwait,0.776766294,0.778082188,0.774476522,0.777174658,0.783252847,0.76938012,0.75689339,0.74912459,0.755270296,0.759031255,0.757815659,0.763818888,0.769624238,0.763239829,0.775528293,0.780162117,0.784795932,0.793849036,0.80295526,0.812061485,0.82116771,0.827621434,0.835398542,0.844728985,0.850205811,0.850926727,0.850647851,0.855623556,0.866101459,0.871589548,0.881329241,5.887,5.887,5.887,5.684,5.481,5.278,5.075,4.872,4.6852,4.4984,4.3116,4.1248,3.938,3.7904,3.6428,3.4952,3.3476,3.2,3.0894,2.9788,2.8682,2.7576,2.647,2.6216,2.5962,2.5708,2.5454,2.52,2.52,2.46,2.394667,,,,,,,,,,,,,,,,,,,,,,,,,,,,,,,,,,,,,,,,,,,,,,,,,,,,,,,,,,,,,,
Kyrgyz Republic,,,,,,,,,,,,0.692963213,0.694010117,0.706195122,0.713233815,0.717433448,0.713395402,0.70187059,0.687425036,0.668493887,0.663316344,0.670419071,0.676724982,0.677847631,0.678710803,0.691876285,0.697225579,0.694160778,0.699381027,0.701676412,0.702090692,4.87,4.71,4.55,4.39,4.23,4.07,4.09,4.11,4.13,4.15,4.17,4.11,4.05,4,3.875,3.69,3.671,3.617,3.3,3.14,3.31,2.99,2.79,2.648,2.629,2.4,2.4,2.5,2.5,2.454127,2.408253,,,,,,,,,,,,,,,,,,,,,,,,,,,,,,,,,,,,,,,,,,,,,,,,,,,,,,,,,,,,,,
Lao,,,,,,,,,,0.452395274,0.456436947,0.460333303,0.46070755,0.461952028,0.471813339,0.477843126,0.482546887,0.489746173,0.496107051,0.50370471,0.510802704,0.521072796,0.531392286,0.539263452,0.54897084,0.557330697,0.565428134,0.572613923,,,,6.417,6.417,6.417,6.4154,6.4138,6.4122,6.4106,6.409,6.4072,6.4054,6.4036,6.4018,6.4,6.2918,6.1836,6.0754,5.9672,5.859,5.628,5.397,5.166,4.935,4.704,4.4806,4.2572,4.0338,3.8104,3.587,,,,,,,,,,,,,,,,,,,,,,,,,,,,,,,,,,,,,,,,,,,,,,,,,,,,,,,,,,,,,,,,,
Latvia,0.776236911,0.779241608,0.780592826,0.781024093,0.78088742,0.784523053,0.786378421,0.790356528,0.791679812,0.79471486,0.794879024,0.804515488,0.805856249,0.80785628,0.808044541,0.798874513,0.790288549,0.767035443,0.757080743,0.754435021,0.759874976,0.776935414,0.786672359,0.789487728,0.79777065,0.808821405,0.815595838,0.820978468,0.828395754,0.837374464,0.844467133,1.96,1.93,1.89,1.87,1.87,1.86,1.88,1.97,2.07,2.09,2.08,2.12,2.15,2.11,2.05,2.02,1.86,1.73,1.51,1.39,1.25,1.16,1.11,1.09,1.16,1.24,1.21,1.24,1.29,1.24,1.31,,,,,,,,,,,,,,,,,,,,,,,,,,,,,,,1.59,0,0,0,0,-0.1,-0.1,0,0,0.1,0,0,-0.1,0.1,0,-0.1,0.14,-0.12,-0.08,0.02,0.43,0.05,0.14,0.37,0.16,0.18,0.25,0.22,0.24,0.14,0.16,0.24
Lesotho,0.517251774,0.521813379,0.531496266,0.542516586,0.545715267,0.545724555,0.547609053,0.550480036,0.549425914,0.555780506,0.559486536,0.560944995,0.564224848,0.570944904,0.576474291,0.581161288,0.584578809,0.588557642,0.579052434,0.569363596,0.560376224,0.554073124,0.546907931,0.530798163,0.517468676,0.510680968,0.500027426,0.489810281,0.491206927,0.492443104,0.492910696,5.741,5.741,5.741,5.7028,5.6646,5.6264,5.5882,5.55,5.4678,5.3856,5.3034,5.2212,5.139,5.0344,4.9298,4.8252,4.7206,4.616,4.5146,4.4132,4.3118,4.2104,4.109,4.017,3.925,3.833,3.741,3.649,3.5,3.45,3.4,,,,,,,,,,,,,,,,,,,,,,,,,,,,,,,,,,,,,,,,,,,,,,,,,,,,,,,,,,,,,,
Lithuania,,,,,,,,,,,,,,,,0.820485838,0.81294241,0.800392187,0.784850322,0.778807069,0.785057412,0.795543805,0.805556638,0.812797052,0.815657063,0.825303859,0.830609922,0.836585719,0.844291843,0.847831029,0.84835506,2.19,2.17,2.13,2.09,2.04,2.03,1.98,1.99,2.04,2.09,2.1,2.14,2.16,2.09,1.98,2.03,1.97,1.89,1.67,1.57,1.55,1.49,1.47,1.46,1.46,1.39,1.3,1.24,1.26,1.26,1.27,,,,,,,,,,,,,,,,,,,,,,,,,,,,,,,1.68,0,0,0,0,0,-0.17,0.01,-0.12,0.03,-0.11,-0.07,0.02,-0.01,-0.05,-0.12,-0.13,-0.11,-0.04,0.05,-0.09,0.13,0.04,0.19,0.21,0.18,0.13,0.3,0.1,0.15,0.36,0.1
Luxembourg,0.841586636,0.842917335,0.843660271,0.847356753,0.850029112,0.851847305,0.853000004,0.855207469,0.858067459,0.862552248,0.865169401,0.871352684,0.874414859,0.880198997,0.886265181,0.89002188,0.895384985,0.89849136,0.90083397,0.906954235,0.908917955,0.910147446,0.915738218,0.920492745,0.929643097,0.934545235,0.936644406,0.940198574,0.9391763,0.944211054,0.949286739,1.55,1.5,1.45,1.49,1.48,1.5,1.55,1.49,1.44,1.43,1.38,1.44,1.4,1.51,1.52,1.62,1.6,1.67,1.69,1.72,1.68,1.76,1.71,1.68,1.73,1.76,1.66,1.63,1.63,1.7,1.7,1.55,1.5,1.45,1.49,1.48,1.5,1.55,1.49,1.44,1.43,1.38,1.44,1.4,1.51,1.52,1.62,1.6,1.67,1.69,1.72,1.689024842,1.704511652,1.713608142,1.722102664,1.737785836,1.753585593,1.763803089,1.781660673,1.781660673,1.858173708,1.868173708,0,0,0,0,0,0,0,0,0,0,0,0,0,0,0,0,0,0,0,0,-0.4,0.29,0.16,0.08,0.37,0.06,-0.02,0.45,-0.11,-0.03,0.31
Macedonia,,,,,,,,,,,,,,,,0.767933064,0.767077743,0.763533265,0.759752471,0.759319539,0.761644538,0.765797749,0.769076251,0.773351577,0.778164105,0.783192628,0.78245994,0.784923868,0.786949268,0.790538535,0.794781483,2.6,2.6,2.6,2.57,2.54,2.51,2.48,2.45,2.41,2.37,2.33,2.29,2.25,2.17,2.09,2.06,2.3,2.18,2.16,2.08,1.97,1.9,1.9,1.9,1.76,1.756667,1.7533335,1.75,1.75,1.67,1.6,,,,,,,,,,,,,,,,,,,,,,,,,,,,,,,1.88,0,0.06,-0.03,0.13,0.13,-0.05,0.11,-0.07,0.07,0.05,0.01,0.03,-0.09,0.06,0.07,0.02,0.03,0.04,-0.18,0.19,0.09,0.19,0,0.28,0.03,0.2,0.19,0.23,0.11,0.15,0.21
Madagascar,0.463177462,0.459948083,0.459743364,0.459002287,0.464976869,0.466153629,0.46119169,0.460875241,0.460205815,0.459976287,0.459449163,0.459366654,0.458858172,0.462136813,0.465769205,0.468879827,0.466640052,0.468512991,0.470035789,0.470349396,0.471631834,0.473137661,0.475470062,0.477239649,0.479415737,0.484088509,0.487634921,0.480371514,0.490624529,0.499088706,0.502885813,6.6,6.6,6.6,6.56,6.52,6.48,6.44,6.4,6.38,6.36,6.34,6.32,6.3,6.26,6.22,6.18,6.14,6.1,6.0654,6.0308,5.9962,5.9616,5.927,5.8216,5.7162,5.6108,5.5054,5.4,5.2,5.12,5.044667,,,,,,,,,,,,,,,,,,,,,,,,,,,,,,,,,,,,,,,,,,,,,,,,,,,,,,,,,,,,,,
Malawi,0.33745744,0.338343561,0.33912079,0.34439654,0.346965021,0.347470658,0.344906163,0.346865018,0.348167251,0.349946102,0.350774984,0.348413156,0.346698974,0.347033009,0.346869248,0.349776775,0.355045538,0.35675519,0.365430278,0.362897196,0.374663455,0.381370473,0.385944255,0.392084744,0.394619688,0.389721322,0.384312465,0.3798426,0.381184112,0.383102085,0.383875629,7.6,7.6,7.6,7.58,7.56,7.54,7.52,7.5,7.44,7.38,7.32,7.26,7.2,7.1286,7.0572,6.9858,6.9144,6.843,6.7606,6.6782,6.5958,6.5134,6.431,6.3644,6.2978,6.2312,6.1646,6.098,6.0128,5.9276,5.8424,,,,,,,,,,,,,,,,,,,,,,,,,,,,,,,,,,,,,,,,,,,,,,,,,,,,,,,,,,,,,,
Malaysia,0.656779107,0.661587973,0.664483325,0.66980165,0.676477974,0.682128445,0.687464481,0.692233195,0.695852424,0.700253998,0.699880182,0.700788664,0.703991037,0.709300346,0.714152469,0.718962494,0.724031063,0.731659089,0.739625135,0.747254678,0.755215748,0.763283497,0.770002176,0.768486318,0.774590999,0.78075472,0.78034549,0.783122043,0.789757204,0.794727477,0.797696281,4.161,4.161,4.161,4.1772,4.1934,4.2096,4.2258,4.242,4.1928,4.1436,4.0944,4.0452,3.996,3.9208,3.8456,3.7704,3.6952,3.62,3.5472,3.4744,3.4016,3.3288,3.256,3.1912,3.1264,3.0616,2.9968,2.932,2.8696,2.8072,2.7448,,,,,,,,,,,,,,,,,,,,,,,,,,,,,,,,,,,,,,,,,,,,,,,,,,,,,,,,,,,,,,
Mali,0.248485234,0.254242653,0.256378081,0.257509311,0.264957957,0.264414729,0.26378521,0.262996878,0.266704238,0.270187081,0.264597799,0.270235824,0.271085802,0.27252282,0.279308237,0.278834963,0.280259618,0.286774156,0.286390973,0.287703427,0.291855279,0.294415305,0.298845974,0.302528969,0.308749734,0.312902763,0.322276194,0.327122854,0.334335078,0.337198461,0.342227261,7.558,7.558,7.558,7.558,7.558,7.558,7.558,7.558,7.5398,7.5216,7.5034,7.4852,7.467,7.449,7.431,7.413,7.395,7.377,7.3452,7.3134,7.2816,7.2498,7.218,7.1586,7.0992,7.0398,6.9804,6.921,6.8536,6.7862,6.7188,,,,,,,,,,,,,,,,,,,,,,,,,,,,,,,,,,,,,,,,,,,,,,,,,,,,,,,,,,,,,,
Malta,0.750910298,0.758642626,0.763566291,0.769422104,0.775332264,0.780141418,0.783482933,0.786677515,0.788735822,0.791903069,0.796060522,0.799284583,0.802634829,0.807587456,0.812423288,0.816269223,0.820099985,0.823529666,0.830162748,0.834841041,0.839395197,0.84255626,0.846005033,0.846666032,0.848699133,0.858328581,0.860847384,0.860828234,0.863315844,0.867306057,0.86894787,2.274,2.205,2.18,2.118,2.0835,2.049,2.0145,1.98,1.983333333,1.986666667,1.99,1.98,1.98,2.08,2.11,2.05,2.04,2.12,2.01,1.89,1.83,2.1,1.95,1.81,1.71,1.72,1.72,1.46,1.46,1.37,1.37,,,,,,,,,,,,,,,,,,,,,,,,,,,,,,,1.58,,,,,,,,,,,,,,,,,,,,,,,,,,,,,,,
Mauritania,0.417721931,0.420924439,0.418503557,0.419076554,0.42253768,0.425247701,0.428005486,0.427563837,0.429380829,0.427353404,0.428816827,0.431754081,0.432663597,0.433476712,0.435921651,0.434747579,0.435522478,0.438356823,0.443300336,0.443303955,0.45021267,0.455024255,0.454361836,0.458599711,0.464871348,0.466268816,0.46864437,0.470058237,0.474697976,0.479437627,0.482682911,6.5,6.5,6.5,6.46,6.42,6.38,6.34,6.3,6.28,6.26,6.24,6.22,6.2,6.18,6.16,6.14,6.12,6.1,6.08,6.06,6.04,6.02,6,5.9582,5.9164,5.8746,5.8328,5.791,5.7232,5.6554,5.5876,,,,,,,,,,,,,,,,,,,,,,,,,,,,,,,,,,,,,,,,,,,,,,,,,,,,,,,,,,,,,,
Mauritius,,,,,,0.673234275,0.676961904,0.681324583,0.684627399,0.687808836,0.692839703,0.699079251,0.705850101,0.710903602,0.714806953,0.718817711,0.725487551,0.730118156,0.734665899,0.738497931,0.743067011,0.747191665,0.752012402,0.757690255,0.763995185,0.77147336,0.776156616,0.779010963,0.784682892,0.78950354,0.794031104,3.06,3.06,3.06,2.938,2.816,2.694,2.572,2.45,2.305,2.16,2.02,1.99,2.05,2.14,2.23,2.32,2.3,2.37,2.21,2.25,2.14,2.12,2.04,1.97,2.05,1.99,1.91,1.96,1.968,1.976,1.984,,,,,,,,,,,,,,,,,,,,,,,,,,,,,,,,,,,,,,,,,,,,,,,,,,,,,,,,,,,,,,
Mexico,0.716396743,0.717203107,0.717510536,0.723450918,0.729826285,0.736023807,0.742042535,0.743087741,0.741825127,0.744955206,0.747563128,0.746643764,0.748900105,0.750258909,0.753235976,0.756692463,0.76250639,0.767758081,0.770732608,0.775329759,0.777966329,0.783344419,0.789649705,0.795273142,0.80008055,0.799378649,0.80101292,0.803303708,0.807573024,0.812082102,0.816570157,5.7,5.7,5.3,5.075,4.85,4.625,4.4,4.24,4.152,4.064,3.976,3.888,3.8,3.55,3.43,3.31,3.2,3.2,2.99,2.95,2.88,2.75,2.64,2.57,2.5,2.41,2.34,2.27,2.21,2.158354,2.11,,,,,,,,,,,,,,,,,,,,,,,,,,,,,,,,,,,,,,,,,,,,,,,,,,,,,,,,,,,,,,
Moldova,,,,,,0.706815729,0.706262397,0.712235623,0.714909428,0.717062836,0.714396051,0.721290522,0.724664402,0.727378067,0.735890075,0.731895042,0.718250015,0.70091218,0.698682602,0.670750396,0.669129992,0.672187705,0.673934171,0.671434312,0.677764775,0.680363733,0.685012754,0.68861221,0.695038029,0.70188715,0.705421359,2.54,2.555,2.57,2.585,2.6,2.39,2.595,2.8,2.783333333,2.766666667,2.75,2.74,2.73,2.63,2.5,2.39,2.26,2.22,2.1,1.95,1.93,1.67,1.6,1.5,1.4,1.3,1.29,1.28,1.27,1.26,1.27,,,,,,,,,,,,,,,,,,,,,,,,,,,,,,,1.36,0,0,0,0,0,0,0,0,0,0,0,0,0,0,0,0,-0.08,0,0,0,0,-0.01,0.15,0.15,0.15,0.15,0.01,0.2,0.16,0.13,0
Mongolia,,,,,,,,,,,,,,,,,,,,,,0.652601357,0.654656465,0.656476752,0.658190361,0.662455705,0.668093664,0.672938543,0.6826266,0.694223114,0.698064822,5.5,5.5,5.5,5.45,5.4,5.35,5.3,5.25,5.166,5.082,4.998,4.914,4.83,4.563333333,4.296666667,4.03,3.795,3.56,3.416666667,3.273333333,3.13,3.015,2.9,2.806,2.712,2.618,2.524,2.43,2.396,2.362,2.328,,,,,,,,,,,,,,,,,,,,,,,,,,,,,,,,,,,,,,,,,,,,,,,,,,,,,,,,,,,,,,
Morocco,0.48270394,0.48697019,0.488812663,0.492628438,0.497840286,0.502458509,0.503549565,0.511333818,0.5131672,0.517699772,0.523310296,0.529972702,0.530794628,0.538592445,0.542210514,0.54675911,0.552850485,0.554068993,0.556087107,0.56418837,0.565434622,0.576914791,0.580764318,0.589395101,0.59390401,0.600641794,0.610359138,0.618429693,0.626695387,0.633660072,0.636434193,5.9,5.9,5.9,5.8,5.7,5.6,5.5,5.4,5.2094,5.0188,4.8282,4.6376,4.447,4.2896,4.1322,3.9748,3.8174,3.66,3.5274,3.3948,3.2622,3.1296,2.997,2.87275,2.7485,2.62425,2.5,2.5,2.5,2.433044,2.399566,,,,,,,,,,,,,,,,,,,,,,,,,,,,,,,,,,,,,,,,,,,,,,,,,,,,,,,,,,,,,,
Mozambique,,,,,,0.31886548,0.320323237,0.315139089,0.304490253,0.299858506,0.299828644,0.298319812,0.306026005,0.311343877,0.315468618,0.316096099,0.318207133,0.312458107,0.314619227,0.316914163,0.317465793,0.320116092,0.325126834,0.328624639,0.32961528,0.329626605,0.335795204,0.338801657,0.344317268,0.349706084,0.355847243,6.4,6.4,6.4,6.4,6.4,6.4,6.4,6.4,6.38,6.36,6.34,6.32,6.3,6.28,6.26,6.24,6.22,6.2,6.14,6.08,6.02,5.96,5.9,5.8224,5.7448,5.6672,5.5896,5.512,5.441333333,5.370666667,5.3,,,,,,,,,,,,,,,,,,,,,,,,,,,,,,,,,,,,,,,,,,,,,,,,,,,,,,,,,,,,,,
Namibia,,,,,,0.651797721,0.654174466,0.655826406,0.655793933,0.656338189,0.656969077,0.659489951,0.66109971,0.659842483,0.659208679,0.659140275,0.662308088,0.666623114,0.660607644,0.659708334,0.65713784,0.654078632,0.651606175,0.642909129,0.634411607,0.626822187,0.619741498,0.610811143,0.608412337,0.608221945,0.605399841,6.5,6.5,6.5,6.47,6.44,6.41,6.38,6.35,6.31,6.27,6.23,6.19,6.15,6.0764,6.0028,5.9292,5.8556,5.782,5.5856,5.3892,5.1928,4.9964,4.8,4.6302,4.4604,4.2906,4.1208,3.951,3.8556,3.7602,3.6648,,,,,,,,,,,,,,,,,,,,,,,,,,,,,,,,,,,,,,,,,,,,,,,,,,,,,,,,,,,,,,
Nepal,0.366589608,0.367747022,0.368156365,0.372471621,0.375684744,0.376283981,0.382639731,0.386595284,0.386909497,0.394044929,0.399356603,0.403837131,0.406769433,0.413233975,0.418049482,0.422877598,0.42881508,0.437102504,0.445048237,0.455657951,0.46352103,0.472486755,0.481430528,0.487422293,0.494279796,0.503435632,0.509320181,0.513219493,0.516069355,0.520929385,0.524130695,5.65,5.65,5.65,5.6222,5.5944,5.5666,5.5388,5.511,5.4634,5.4158,5.3682,5.3206,5.273,5.2178,5.1626,5.1074,5.0522,4.997,4.8716,4.7462,4.6208,4.4954,4.37,4.2378,4.1056,3.9734,3.8412,3.709,3.6266,3.5442,3.4618,,,,,,,,,,,,,,,,,,,,,,,,,,,,,,,,,,,,,,,,,,,,,,,,,,,,,,,,,,,,,,
NL,0.881259345,0.884088432,0.88832551,0.888922476,0.892114705,0.893362669,0.893758232,0.893083363,0.894819065,0.896691229,0.898173876,0.899500963,0.90258187,0.904884905,0.906283601,0.908914916,0.910477405,0.913084607,0.912383064,0.917107518,0.919625262,0.922234399,0.926977511,0.930435013,0.932989258,0.936224229,0.938620159,0.93858129,0.939715606,0.940660348,0.945183346,1.664,1.632,1.579,1.583,1.563,1.602,1.563,1.495,1.468,1.491,1.511,1.553,1.558,1.55,1.55,1.62,1.61,1.59,1.57,1.57,1.53,1.53,1.53,1.628,1.65,1.723,1.71,1.731,1.75,1.73,1.73,1.791906498,1.738185088,1.717564859,1.736435083,1.701439228,1.733590234,1.749615613,1.735962574,1.730630877,1.816857205,1.905057029,1.97167847,1.93213142,1.847083454,1.865054408,1.960535383,1.958025065,1.928200277,1.818954736,1.798196158,1.799564299,1.707763651,1.707169608,1.733154408,1.684962319,1.775280022,1.773547263,1.811537497,1.875868066,1.826843429,1.784773413,0,0.12,0.12,0.11,0.14,0.05,0.12,0.15,0.2,0.18,0.26,0.27,0.27,0.16,0.11,0.16,0.16,0.22,0.18,0.07,0.2,0.15,0.03,0.14,-0.05,-0.06,0.01,0.04,0.09,0.11,0.07
New Zealand,0.852846851,0.854054992,0.850250837,0.854612309,0.855060871,0.854157308,0.859773072,0.862064911,0.863141988,0.868592323,0.865692598,0.868378338,0.868446479,0.868990513,0.870738061,0.872987971,0.875130943,0.877668896,0.884216774,0.890847485,0.893472717,0.89680673,0.901916315,0.907841963,0.911312058,0.916790845,0.919344553,0.924641911,0.92850677,0.936691223,0.938215667,2.331,2.273,2.229,2.07,2.12,2.03,2.01,1.95,1.92,1.93,1.93,1.96,2.03,2.1,2.12,2.18,2.16,2.12,2.05,2.02,2.01,1.96,1.96,1.97,1.98,2.02,1.97,1.9,1.94,2.01,2,,,,,,,,,,,,,,,,,,,,,,,,,,,,,,,,,,,,,,,,,,,,,,,,,,,,,,,,,,,,,,
Nicaragua,0.633329615,0.634364325,0.637061818,0.632850416,0.61609776,0.619002323,0.622337096,0.622342843,0.626293913,0.626924325,0.626188928,0.627285192,0.628624027,0.624291351,0.626386815,0.62933811,0.632178912,0.636424262,0.638028639,0.641721223,0.646854433,0.65234923,0.656638674,0.660436878,0.666042791,0.669842799,0.674666774,0.679791823,0.68367535,0.688210723,0.692634804,6.4,6.4,6.4,6.32,6.24,6.16,6.08,6,5.84,5.68,5.52,5.36,5.2,5.08,4.96,4.84,4.72,4.6,4.46,4.32,4.18,4.04,3.9,3.78,3.66,3.54,3.42,3.3,3.2282,3.1564,3.0846,,,,,,,,,,,,,,,,,,,,,,,,,,,,,,,,,,,,,,,,,,,,,,,,,,,,,,,,,,,,,,
Niger,0.27989215,0.278579226,0.281042724,0.286944055,0.289649272,0.287254039,0.286449066,0.286198404,0.281840448,0.269937488,0.272418958,0.274186205,0.272558065,0.275746272,0.275741389,0.274502851,0.275364834,0.271255759,0.272819976,0.275736075,0.277857335,0.280375994,0.282503167,0.288005278,0.287670126,0.28730838,0.292022496,0.295003609,0.298210317,0.299325073,0.303541392,8.2,8.2,8.2,8.2,8.2,8.2,8.2,8.2,8.2,8.2,8.2,8.2,8.2,8.1962,8.1924,8.1886,8.1848,8.181,8.1756,8.1702,8.1648,8.1594,8.154,8.1042,8.0544,8.0046,7.9548,7.905,7.8258,7.7466,7.6674,,,,,,,,,,,,,,,,,,,,,,,,,,,,,,,,,,,,,,,,,,,,,,,,,,,,,,,,,,,,,,
Nigeria,0.40217285,0.405363703,0.406929895,0.403370096,0.40677642,0.40888863,0.400941642,0.400739309,0.397381545,0.394287493,0.399056949,0.400015658,0.399175519,0.403437393,0.406314667,0.409715638,0.411330493,0.414559512,0.416726116,0.417753452,0.420116318,0.423466866,0.425977864,0.427140445,0.427897492,0.432741309,0.436051722,0.438541631,,,,6.9,6.9,6.9,6.9,6.9,6.9,6.9,6.9,6.8868,6.8736,6.8604,6.8472,6.834,6.7942,6.7544,6.7146,6.6748,6.635,6.5572,6.4794,6.4016,6.3238,6.246,6.1368,6.0276,5.9184,5.8092,5.7,,,,,,,,,,,,,,,,,,,,,,,,,,,,,,,,,,,,,,,,,,,,,,,,,,,,,,,,,,,,,,,,,
Norway,0.871365108,0.875504871,0.879524894,0.881388605,0.883610216,0.887484734,0.888993648,0.889694989,0.891719828,0.895693812,0.896630587,0.900186261,0.900192199,0.900647702,0.902495411,0.903657777,0.907833192,0.912347192,0.915228037,0.922648475,0.926879857,0.933658659,0.938034754,0.942121385,0.944664302,0.947348966,0.94921425,0.950759275,0.956787469,0.960611252,0.961357165,1.991,1.871,1.76,1.775,1.755,1.72,1.7,1.69,1.66,1.66,1.68,1.71,1.8,1.84,1.88,1.93,1.92,1.88,1.86,1.87,1.87,1.89,1.86,1.81,1.85,1.85,1.784,1.754,1.8,1.81,1.84,1.991,1.871,1.76,1.775,1.755,1.72,1.7,1.69,1.66,1.66,1.68,1.71,1.8,1.84,1.88,1.93,1.92,2.127751568,2.149275166,2.134072735,2.135490299,2.130483834,2.114803465,2.01438054,1.973625635,2.061713425,2.055413345,2.05974911,2.08579106,1.986891554,1.962889923,0,0,0,0,0,-0.02,-0.02,-0.02,-0.02,-0.01,-0.01,-0.01,0.14,0.13,0.09,0.14,0.17,0.12,0.13,0.22,0.11,0.14,0.21,0.14,-0.02,0.07,0.15,0.16,0.25,0.16,0.09
Oman,0.646430118,0.6540927,0.65181736,0.652814833,0.658222647,0.664519551,0.67630653,0.685447047,0.696767441,0.708263297,0.718644542,0.723037833,0.724553137,0.72969628,0.737845776,0.739742627,0.7449939,0.753496641,0.758381599,0.762215751,0.766771461,0.770388391,0.775692751,0.779391076,0.781764955,0.786865849,0.793080627,0.79635219,0.798374246,0.800752849,0.802079323,7.2,7.2,7.2,7.2,7.2,7.2,7.2,7.2,7.12,7.04,6.96,6.88,6.8,6.7,6.6,6.5,6.4,6.3,6.06,5.82,5.58,5.34,5.1,4.8362,4.5724,4.3086,4.0448,3.781,3.6678,3.5546,3.4414,,,,,,,,,,,,,,,,,,,,,,,,,,,,,,,,,,,,,,,,,,,,,,,,,,,,,,,,,,,,,,
Pakistan,0.417773276,0.418818606,0.419238235,0.424941296,0.428430059,0.435323215,0.441098514,0.44621541,0.450585285,0.454060683,0.458863748,0.462586044,0.466823698,0.471042284,0.473914437,0.476525744,0.479457229,0.483800402,0.485614969,0.488500444,0.492066288,0.495576012,0.497041297,0.49949654,0.503215837,0.506586487,0.509056081,0.511899562,0.525807298,0.536509142,0.546215396,7,7,7,7,7,7,7,7,6.84,6.68,6.52,6.36,6.2,6.08,5.96,5.84,5.72,5.6,5.45,5.3,5.2,5.1,5,4.885,4.77,4.68,4.59,4.5,4.5,4.31,4.116667,,,,,,,,,,,,,,,,,,,,,,,,,,,,,,,,,,,,,,,,,,,,,,,,,,,,,,,,,,,,,,
Panama,0.725252233,0.724732091,0.723967096,0.729762166,0.732871992,0.734171821,0.739798361,0.743454614,0.740886474,0.742384055,0.745095533,0.747090014,0.746133172,0.738108963,0.738941115,0.743241969,0.748909063,0.755138752,0.759843043,0.763157449,0.765878335,0.769179441,0.774427498,0.780208504,0.784201799,0.788163549,0.789433135,0.791697574,0.795274884,0.798723276,0.801444096,4.055,4.055,4.055,3.947,3.839,3.731,3.623,3.515,3.4522,3.3894,3.3266,3.2638,3.201,3.1348,3.0686,3.0024,2.9362,2.87,2.854,2.838,2.822,2.806,2.79,2.772,2.754,2.736,2.718,2.7,2.6722,2.6444,2.6166,,,,,,,,,,,,,,,,,,,,,,,,,,,,,,,,,,,,,,,,,,,,,,,,,,,,,,,,,,,,,,
Papua New Guinea,0.454335531,0.451068864,0.45016325,0.456127377,0.458539361,0.458654412,0.459922046,0.461545611,0.46419219,0.464888699,0.467977575,0.47145274,0.473908415,0.475340061,0.474348919,0.472406093,0.4771909,0.485096657,0.495150951,0.499116805,0.498016907,0.502958625,0.501563445,0.500604141,0.505867632,0.506147513,0.505138724,0.506363916,0.508636188,0.511163764,0.514048232,5.871,5.871,5.871,5.7916,5.7122,5.6328,5.5534,5.474,5.4214,5.3688,5.3162,5.2636,5.211,5.1768,5.1426,5.1084,5.0742,5.04,4.9612,4.8824,4.8036,4.7248,4.646,4.5362,4.4264,4.3166,4.2068,4.097,3.9968,3.8966,3.7964,,,,,,,,,,,,,,,,,,,,,,,,,,,,,,,,,,,,,,,,,,,,,,,,,,,,,,,,,,,,,,
Paraguay,0.67895901,0.681070182,0.685077769,0.689876262,0.694693982,0.701271395,0.704789088,0.701694191,0.698981446,0.699636385,0.700721319,0.69957996,0.700764329,0.703438809,0.705863012,0.706912139,0.707697102,0.710558205,0.714660715,0.718762439,0.723816338,0.726174696,0.729980831,0.732456532,0.73380418,0.734809351,0.738169809,0.741843,0.741705039,0.744390882,0.746139928,5.15,5.15,5.15,5.17,5.19,5.21,5.23,5.25,5.18,5.11,5.04,4.97,4.9,4.83,4.76,4.69,4.62,4.55,4.4732,4.3964,4.3196,4.2428,4.166,4.1074,4.0488,3.9902,3.9316,3.873,3.8066,3.7402,3.6738,,,,,,,,,,,,,,,,,,,,,,,,,,,,,,,,,,,,,,,,,,,,,,,,,,,,,,,,,,,,,,
Peru,0.68117143,0.680726204,0.67943661,0.681455421,0.68648229,0.690097192,0.695923556,0.697594536,0.692418973,0.697071417,0.700456855,0.707622578,0.713785714,0.710140703,0.704677212,0.703246233,0.705994911,0.708316456,0.712615516,0.72115888,0.72759264,0.730819035,0.7363623,0.737770152,0.740075746,0.742995808,0.744575397,0.748036815,0.750471961,0.754422032,0.758709022,5.378,5.378,5.378,5.2324,5.0868,4.9412,4.7956,4.65,4.54,4.43,4.32,4.21,4.1,4.02,3.94,3.86,3.78,3.7,3.6,3.5,3.4,3.3,3.2,3.1328,3.0656,2.9984,2.9312,2.864,2.80672,2.7505856,2.695573888,,,,,,,,,,,,,,,,,,,,,,,,,,,,,,,,,,,,,,,,,,,,,,,,,,,,,,,,,,,,,,
Philippines,0.675765802,0.678923555,0.680423433,0.683980464,0.687818376,0.69143963,0.694186005,0.69707603,0.699111753,0.695890856,0.692677226,0.695549385,0.698901012,0.703782522,0.708387163,0.711320071,0.712063151,0.713810781,0.716188137,0.719810697,0.723612192,0.7280559,0.732176437,0.732824473,0.735675681,0.739908804,0.742116517,0.746875551,0.750652916,0.754973897,0.75780373,5.5,5.5,5.5,5.39,5.28,5.17,5.06,4.95,4.87,4.79,4.71,4.63,4.55,4.4686,4.3872,4.3058,4.2244,4.143,4.043,3.943,3.843,3.743,3.643,3.6144,3.5858,3.5572,3.5286,3.5,3.4,3.3,3.2,,,,,,,,,,,,,,,,,,,,,,,,,,,,,,,,,,,,,,,,,,,,,,,,,,,,,,,,,,,,,,
Poland,,,,,,,,,,,,,,,,0.788653608,0.782752979,0.788664972,0.795275645,0.800396678,0.807062347,0.814217866,0.822070514,0.828570628,0.833169,0.841914178,0.848015058,0.852358508,0.856231294,0.855982971,0.862288777,2.27,2.302,2.23,2.205,2.28,2.276,2.235,2.336,2.416,2.372,2.329,2.22,2.154,2.13,2.078,2.04,2.05,1.93,1.85,1.798,1.61,1.58,1.513,1.431,1.366,1.337,1.288,1.24,1.22,1.23,1.24,2.27,2.302,2.23,2.205,2.28,2.276,2.235,2.336,2.416,2.372,2.329,2.22,2.154,2.13,2.078,2.04,2.21,2.105793738,2.07,2.01,1.902224402,1.862495967,1.801545541,1.690163465,1.613294139,1.59459693,1.573065953,1.539552223,1.503345502,1.486178369,1.535641805,0,0.01,-0.01,0,0.02,0.01,-0.01,-0.03,0.03,0.01,0,-0.01,-0.04,-0.01,-0.02,-0.07,-0.02,0.11,0.09,0.14,0.11,0.12,0.16,0.13,0.17,0.18,0.25,0.23,0.26,0.28,0.21
Portugal,0.773901161,0.776032995,0.778474259,0.781688171,0.786415518,0.790594598,0.793289584,0.796408588,0.798182465,0.799045254,0.802572163,0.806944476,0.812590031,0.817308449,0.821509847,0.820277518,0.821299132,0.82703304,0.83235734,0.839644371,0.848404791,0.854027021,0.86246702,0.870311737,0.877988347,0.885951258,0.890644146,0.89264047,0.893758622,0.892287467,0.894538135,2.517,2.569,2.448,2.231,2.112,2.19,2.144,2.19,1.946,1.92,1.74,1.63,1.57,1.53,1.48,1.43,1.42,1.48,1.53,1.44,1.38,1.43,1.46,1.46,1.49,1.52,1.42,1.42,1.44,1.42,1.4,2.517,2.569,2.448,2.231,2.112,2.19,2.144,2.19,1.946,1.92,1.74,1.63,1.57,1.53,1.48,1.887640903,1.880459829,1.79855114,1.774376676,1.776772868,1.717676244,1.651565036,1.71951182,1.792944306,1.789077261,1.754571579,1.679219734,1.807578143,1.701616416,1.588272714,1.64992029,0,-0.3,-0.1,0,0,0.44,-0.05,-0.03,-0.06,0.1,0.16,0.05,0.13,0.17,0.17,0.23,0.19,0.17,0.16,0.18,0.19,0.12,0.09,0.13,0.21,0.12,0.16,0.16,0.28,0.09,0.17
Romania,,,,,,0.764305176,0.765890633,0.768670585,0.772860778,0.775497376,0.775463725,0.77537481,0.774036792,0.774378268,0.771610946,0.769442148,0.762050858,0.75843927,0.758839275,0.761475987,0.76585765,0.76698259,0.763766807,0.763539139,0.770680768,0.775392954,0.781241748,0.786423331,0.793700467,0.801207083,0.807733878,2.6,2.55,2.57,2.52,2.48,2.43,2.36,2.166,2.06,2.26,2.31,2.386,2.313,2.306,2.2,1.84,1.57,1.52,1.44,1.41,1.343,1.3,1.32,1.32,1.3,1.31,1.27,1.26,1.27,1.29,1.32,,,,,,,,,,,,,,,,,,,,,,,,,,,,,,,1.75,0,0.03,0.01,-0.09,0.04,-0.02,0.01,0.01,0.08,0.06,0.01,-0.1,-0.11,0.12,0.05,0.02,-0.1,0.05,0.07,0.16,0.2,0.17,0.13,0.16,0.09,0.13,0.18,0.24,0.15,0.29,0.3
Russia,,,,,,,,,,,,,,,0.817008844,0.813852396,0.808717447,0.791268836,0.775731546,0.765929829,0.768045362,0.77176891,0.777116664,0.773520404,0.773290112,0.776806349,0.782629611,0.785710998,0.791680603,0.801249927,0.808064336,1.98,1.97,1.95,1.92,1.9,1.89,1.91,2.04,2.11,2.06,2.05,2.15,2.22,2.12,2.01,1.89,1.732,1.552,1.385,1.4,1.34,1.277,1.23,1.24,1.17,1.21,1.245,1.28,1.28,1.34,1.29,,,,,,,,,,,,,,,,,,,,,,,,,,,,,,,1.52,0,-0.08,-0.04,-0.1,-0.07,-0.04,0.03,-0.01,-0.03,-0.04,-0.01,0.04,-0.03,0,-0.16,-0.14,-0.05,0,-0.04,-0.01,0.14,0.21,0.09,0.15,0.17,0.25,0.12,0.09,0.1,0.13,0.14
Rwanda,0.385994725,0.394094778,0.393346381,0.397440558,0.40292741,0.40698628,0.409347125,0.409886158,0.407879864,0.400026772,0.39671022,0.393510104,0.387061768,0.366293893,0.344144363,0.322161353,0.301988032,,0.309073019,0.291745784,0.327449865,0.349763763,0.370215928,0.379611954,0.388947474,0.399225121,0.407696971,0.419422047,0.423069945,0.429566297,0.433230779,8.492,8.492,8.492,8.4936,8.4952,8.4968,8.4984,8.5,8.45,8.4,8.35,8.3,8.25,7.98,7.71,7.44,7.17,6.9,6.76,6.62,6.48,6.34,6.2,6.05,5.9,5.94,5.98,6.02,6.06,6.1,5.8,,,,,,,,,,,,,,,,,,,,,,,,,,,,,,,,,,,,,,,,,,,,,,,,,,,,,,,,,,,,,,
Samoa,,,,,,,,0.693148429,0.69493704,0.697181585,0.700809258,0.705224872,0.706875228,0.709134658,0.714191875,0.7146812,0.716367419,0.720195018,0.724131783,0.724363519,0.729635829,0.735244114,0.737363202,0.740115056,0.742817289,0.745189584,0.750384667,0.754078885,0.757320842,0.76045746,0.765439082,5.7,5.7,5.7,5.66,5.62,5.58,5.54,5.5,5.4,5.3,5.2,5.1,5,4.92,4.84,4.76,4.68,4.6,4.58,4.56,4.54,4.52,4.5,4.5,4.375,4.25,4.125,4,4,3.98,3.98,,,,,,,,,,,,,,,,,,,,,,,,,,,,,,,,,,,,,,,,,,,,,,,,,,,,,,,,,,,,,,
Saudi Arabia,0.693484314,0.697188362,0.697912239,0.6991898,0.706138383,0.711311663,0.715480965,0.710555563,0.706203339,0.704941846,0.703062048,0.70648356,0.70498284,0.709447504,0.709843476,0.714994388,0.72088878,0.728531329,0.733419872,0.738822394,0.744126889,0.751250854,0.757992116,0.764171419,0.768901321,0.776454439,0.780763692,0.784628705,0.794114077,0.799795866,0.802803127,7.278,7.278,7.278,7.2332,7.1884,7.1436,7.0988,7.054,6.895,6.736,6.577,6.418,6.259,6.1364,6.0138,5.8912,5.7686,5.646,5.4894,5.3328,5.1762,5.0196,4.863,4.7082,4.5534,4.3986,4.2438,4.089,4.089,3.96,3.834,,,,,,,,,,,,,,,,,,,,,,,,,,,,,,,,,,,,,,,,,,,,,,,,,,,,,,,,,,,,,,
Senegal,0.34245856,0.34580267,0.342931293,0.343630518,0.350308188,0.35128682,0.353415975,0.364090842,0.367539474,0.367484743,0.371752012,0.376388627,0.380727189,0.384559178,0.386852401,0.392103405,0.395058398,0.399891618,0.400251142,0.40345765,0.40790254,0.412348118,0.415843417,0.420130503,0.425333784,0.429877714,0.434807453,0.437704142,0.443611117,0.449486801,0.454632458,7.004,7.004,7.004,7.0032,7.0024,7.0016,7.0008,7,6.96,6.92,6.88,6.84,6.8,6.68,6.56,6.44,6.32,6.2,6.08,5.96,5.84,5.72,5.6,5.4898,5.3796,5.2694,5.1347,5,5.3,5.1,4.9,,,,,,,,,,,,,,,,,,,,,,,,,,,,,,,,,,,,,,,,,,,,,,,,,,,,,,,,,,,,,,
Sierra Leone,0.293887882,0.292619817,0.291603515,0.293601469,0.296726922,0.300029689,0.302310812,0.30563252,0.304705665,0.307064258,0.303987019,0.304419657,0.3079114,0.300845369,0.298550257,0.298100173,0.297558775,0.285187464,0.288284274,0.289494475,0.286959399,0.291561726,0.282487432,0.283076603,0.279036524,0.281363001,0.295166032,0.315895369,0.328325567,0.340039129,0.347281749,6.5,6.5,6.5,6.5,6.5,6.5,6.5,6.5,6.5,6.5,6.5,6.5,6.5,6.5,6.5,6.5,6.5,6.5,6.5,6.5,6.5,6.5,6.5,6.5,6.5,6.5,6.5,6.5,6.4942,6.4884,6.4826,,,,,,,,,,,,,,,,,,,,,,,,,,,,,,,,,,,,,,,,,,,,,,,,,,,,,,,,,,,,,,
Slovak Republic,,,,,,,,,,0.810491042,0.811980108,0.815407975,0.816949597,0.818415317,0.817856501,0.815977256,0.806937396,0.807887108,0.809231576,0.811517893,0.814249674,0.820663714,0.823953129,0.825121271,0.827248178,0.830801113,0.835525873,0.839189909,0.843136404,0.8484484,0.85310312,2.56,2.51,2.46,2.41,2.36,2.31,2.2864285,2.262857,2.239285667,2.215714333,2.192143,2.1685715,2.145,2.146,2.081,2.086,2.05,1.98,1.92,1.66,1.52,1.47,1.43,1.38,1.33,1.3,1.2,1.18,1.2,1.24,1.25,2.500486997,2.475431238,2.398631564,2.370894757,2.323280383,2.252398673,2.247725129,2.234140627,2.245661633,2.209167788,2.258573953,2.247655967,2.214822534,2.164251769,2.075518321,2.035937865,2.026503729,2.111188722,2.142669739,1.960548219,1.774059302,1.768599415,1.810799375,1.737476665,1.733168565,1.634156594,1.525516901,1.605950121,1.61448986,1.686778681,1.684973176,0,0,-0.01,-0.02,-0.02,-0.01,0.02,-0.06,-0.01,-0.01,-0.02,0,0.01,0.03,-0.01,0,-0.14,0.04,0.11,0.15,0.18,0.17,0.21,0.21,0.23,0.33,0.17,0.37,0.3,0.33,0.35
Slovenia,,,,,,,,,,,,,,,,0.842945446,0.83821494,0.836924259,0.841000441,0.845959747,0.850166891,0.859659015,0.86602405,0.870472902,0.87619347,0.885136242,0.893656184,0.900806822,0.905462128,0.90704494,0.91254047,2.2,2.2,2.2,2.16,2.12,2.08,2.04,2,1.875,1.75,1.72,1.69,1.71,1.66,1.52,1.46,1.42,1.34,1.34,1.32,1.29,1.28,1.25,1.23,1.21,1.26,1.21,1.21,1.2,1.25,1.23,,,,,,,,,,,,,,,,,,,,,,,,,,,,,,,1.55,,,,,,,,,,,,,,,,,,,,,,,,,,,,,,,
South Africa,0.679414364,0.679450167,0.678226849,0.680928641,0.683998261,0.68849053,0.692265437,0.692879428,0.69319431,0.697295374,0.697950304,0.699311061,0.701856927,0.705595895,0.708447332,0.709915232,0.710976871,0.712606888,0.704209809,0.696887419,0.689487091,0.682690705,0.674966793,0.65780307,0.641613917,0.634987218,0.632056977,0.630521576,0.626981888,0.6247866,0.643736436,5.09,5.09,5.09,4.912,4.734,4.556,4.378,4.2,4.06,3.92,3.78,3.64,3.5,3.44,3.38,3.32,3.26,3.2,3.16,3.12,3.08,3.04,3,2.965,2.93,2.895,2.86,2.84,2.82,2.8,2.78,,,,,,,,,,,,,,,,,,,,,,,,,,,,,,,,,,,,,,,,,,,,,,,,,,,,,,,,,,,,,,
Spain,0.845427455,0.848378063,0.851991716,0.853083763,0.855516396,0.859263785,0.859660108,0.863416895,0.862882015,0.865791025,0.866672738,0.869687681,0.873770067,0.876522095,0.879404134,0.881504367,0.883498213,0.88729751,0.888337138,0.892500014,0.895354127,0.89835775,0.904038814,0.907761563,0.911060775,0.91699148,0.919949081,0.922519539,0.926787478,0.932379633,0.937752455,2.788,2.786,2.649,2.524,2.341,2.217,2.031,1.936,1.792,1.72,1.63,1.6,1.47,1.42,1.36,1.33,1.31,1.32,1.27,1.2,1.18,1.15,1.15,1.16,1.2,1.24,1.26,1.27,1.3,1.33,1.33,2.788,2.786,2.649,2.524,2.341,2.217,2.223197319,2.157635486,2.138026789,2.061533793,1.87950237,1.856540554,1.818196586,1.770867483,1.799090492,1.786942859,1.836970877,1.7965515,1.72667427,1.636017774,1.494398198,1.490303577,1.514055174,1.398738077,1.374885973,1.344090695,1.324863431,1.353082049,1.383222574,1.394953719,1.376891163,0,-0.14,-0.07,-0.05,-0.03,0.19,0.19,0.18,0.1,0.14,0.17,0.11,0.22,0.12,0.31,0.25,0.34,0.35,0.31,0.32,0.27,0.06,0.24,0.18,0.1,0.1,0.03,0.07,0.06,0.05,0.04
Sri Lanka,0.64848409,0.649418006,0.65128053,0.656305195,0.666956994,0.666649038,0.67168355,0.67619397,0.680013269,0.684119794,0.687998485,0.691381654,0.693498016,0.695360412,0.697138883,0.701225039,0.704181857,0.707565114,0.712447401,0.716579823,0.72066995,0.724002828,0.728626524,0.731712155,0.734411294,0.737885503,0.739998796,0.742499128,0.745709934,0.748501253,0.752683158,3.4,3.575,3.75,3.68,3.61,3.54,3.47,3.4,3.27,3.14,3.01,2.88,2.75,2.68,2.61,2.54,2.47,2.4,2.3,2.25,2.2,2.15,2.1,2.033333333,1.966666667,1.9,1.935,1.97,1.97,1.94,1.913333,,,,,,,,,,,,,,,,,,,,,,,,,,,,,,,,,,,,,,,,,,,,,,,,,,,,,,,,,,,,,,
Sudan,0.425344023,0.432194465,0.43382549,0.431197054,0.429074961,0.430625545,0.435283216,0.439151508,0.440196943,0.437369586,0.43395651,0.437263091,0.445176883,0.445787744,0.45133926,0.448943346,0.45363774,0.458342936,0.462210836,0.464145702,0.468778217,0.473380504,0.478209501,0.481983182,0.485750634,0.48920044,0.495363029,0.499163956,0.503302569,0.507524619,0.511033132,6.52,6.52,6.52,6.4746,6.4292,6.3838,6.3384,6.293,6.2,6.107,6.014,5.921,5.828,5.7366,5.6452,5.5538,5.4624,5.371,5.2804,5.1898,5.0992,5.0086,4.918,4.8234,4.7288,4.6342,4.5396,4.445,4.346,4.247,4.148,,,,,,,,,,,,,,,,,,,,,,,,,,,,,,,,,,,,,,,,,,,,,,,,,,,,,,,,,,,,,,
Suriname,0.717291058,0.718933354,0.723754201,0.73028373,0.728036811,0.725615461,0.731195076,0.728989102,0.726599173,0.724829508,0.724368257,0.72320548,0.714175507,0.720304675,0.726104934,0.72613346,0.727697287,0.728809644,0.725843761,0.728819127,0.730569834,0.732346197,0.736467912,0.738533683,0.739271557,0.740500484,0.74428762,0.74631607,0.750212774,0.757826195,0.764065626,4.203,4.203,4.203,4.1024,4.0018,3.9012,3.8006,3.7,3.56,3.42,3.28,3.14,3,2.92,2.84,2.76,2.68,2.6,2.64,2.68,2.72,2.76,2.8,2.7604,2.7208,2.6812,2.6416,2.602,2.5708,2.5396,2.5084,,,,,,,,,,,,,,,,,,,,,,,,,,,,,,,,,,,,,,,,,,,,,,,,,,,,,,,,,,,,,,
Swaziland,0.531243519,0.528290343,0.527073392,0.528972845,0.531848874,0.53956386,0.541036269,0.54253338,0.544755785,0.549197765,0.552316251,0.559812857,0.570423986,0.577020982,0.584871918,0.592432234,0.596860705,0.600979024,0.603584852,0.606105095,0.608846482,0.611651481,0.614350155,0.585252013,0.556444287,0.552629212,0.547245573,0.543002105,0.539480608,0.539503681,0.535874208,6.5,6.5,6.5,6.406,6.312,6.218,6.124,6.03,5.944,5.858,5.772,5.686,5.6,5.5,5.4,5.3,5.2,5.1,5.02,4.94,4.86,4.78,4.7,4.6,4.5,4.4,4.3,4.2,4.100101,4.002579,3.907376,,,,,,,,,,,,,,,,,,,,,,,,,,,,,,,,,,,,,,,,,,,,,,,,,,,,,,,,,,,,,,
Sweden,0.867326385,0.867630046,0.868812676,0.870113073,0.872394825,0.874413041,0.875823816,0.878150421,0.880391958,0.884167984,0.884478736,0.88733889,0.88990115,0.890458135,0.895743829,0.89482699,0.894567091,0.900569263,0.904612476,0.914769346,0.922229767,0.929254776,0.936968516,0.944909709,0.952970186,0.954900267,0.955609451,0.957701957,0.959216607,0.947406741,0.947452278,1.779,1.689,1.644,1.601,1.657,1.68,1.63,1.65,1.61,1.66,1.74,1.79,1.9,1.975,2.02,2.13,2.11,2.09,2,1.88,1.73,1.6,1.52,1.5,1.5,1.54,1.57,1.65,1.71,1.75,1.77,,1.915412482,1.902851206,1.917300469,2.013589287,1.999693861,1.90468923,1.951407188,1.873020274,1.940507253,1.951220474,2.010355724,2.0705608,2.136994245,2.320198603,2.295826397,2.281931479,2.26202625,2.161035288,2.136348398,1.984843168,1.893076475,1.787516036,1.746963896,1.791254211,1.812143789,1.829481183,1.954751232,1.971472718,1.888096913,1.879214257,0,0.21,0.13,0.13,0.19,0.14,0.14,0.16,0.22,0.19,0.09,0.07,0.11,0,0.05,0.01,0.2,0.21,0.24,0.15,0.09,0.18,0.11,0.28,0.14,0.01,0.27,0.1,0.23,0.15,0.04
Switzerland,0.878232286,0.878625962,0.882645448,0.882502899,0.885298021,0.888044279,0.890012303,0.890838284,0.890874552,0.895596799,0.897971597,0.899540869,0.901543743,0.90329614,0.906196497,0.90673559,0.90705983,0.909135067,0.911102569,0.913766949,0.915028885,0.918770775,0.921782264,0.925555553,0.928463031,0.930803866,0.933341833,0.933910428,0.935615667,0.940510412,0.942285093,1.598,1.531,1.521,1.493,1.505,1.55,1.55,1.56,1.51,1.52,1.51,1.52,1.55,1.57,1.56,1.59,1.58,1.58,1.51,1.49,1.47,1.5,1.48,1.46,1.48,1.5,1.41,1.4,1.41,1.42,1.42,1.598,1.531,1.521,1.493,1.505,1.55,1.55,1.56,1.51,1.52,1.51,1.52,1.55,1.57,1.56,1.59,1.58,1.673579231,1.651061503,1.649852288,1.623625264,1.649333872,1.571535338,1.531474207,1.62338199,1.749754251,1.681202981,1.632172975,1.658247412,1.546379848,1.546752547,0,0.17,0.23,0.17,0.04,0.02,0.06,0.15,0.13,0.2,0.18,0.17,0.19,0.08,0.11,0.01,0.03,0.13,0.09,0.12,0.11,0.12,0.13,0.11,0.07,0.16,0.17,0.06,0.21,0.21,0.18
Syria,0.62730554,0.631201976,0.628587483,0.634874439,0.638444663,0.646271918,0.652804903,0.655421142,0.656811349,0.655121318,0.659089033,0.656976656,0.6587821,0.666424596,0.661993261,0.666965896,0.672161571,0.679929169,0.68330081,0.68799463,0.691706424,0.694709028,0.696317932,0.699721485,0.697706864,0.700568188,0.705306407,0.709517416,0.718176486,0.720235883,0.724798579,7.45,7.45,7.45,7.41,7.37,7.33,7.29,7.25,7.03,6.81,6.59,6.37,6.15,5.842,5.534,5.226,4.918,4.61,4.478,4.346,4.214,4.082,3.95,3.8542,3.7584,3.6626,3.5668,3.471,3.3926,3.3142,3.2358,,,,,,,,,,,,,,,,,,,,,,,,,,,,,,,,,,,,,,,,,,,,,,,,,,,,,,,,,,,,,,
Tajikistan,,,,,,,,,,,0.691297629,0.692394831,0.690872655,0.695810109,0.689908498,0.687964474,0.682469568,0.660830534,0.649256356,0.634388931,0.625502818,0.613823453,0.613263694,0.614654593,0.615224606,0.619629572,0.624692809,0.630718513,0.638591335,0.645152692,0.649758447,5.897,5.897,5.897,5.8262,5.7554,5.6846,5.6138,5.543,5.5156,5.4882,5.4608,5.4334,5.406,5.3002,5.1944,5.0886,4.9828,4.877,4.7596,4.6422,4.5248,4.4074,4.29,4.193,4.096,3.999,3.902,3.805,3.7138,3.6226,3.5314,,,,,,,,,,,,,,,,,,,,,,,,,,,,,,,,,,,,,,,,,,,,,,,,,,,,,,,,,,,,,,
Tanzania,,,,,,,,,,,,,,0.411494502,0.410684814,0.411566419,0.409752486,0.406956702,0.402475614,0.398278362,0.395287813,0.392948153,0.39016734,0.389978599,0.389697405,0.390994633,0.394561641,0.401881477,0.406838514,0.412052831,0.416887205,6.73,6.73,6.73,6.694,6.658,6.622,6.586,6.55,6.512,6.474,6.436,6.398,6.36,6.268,6.176,6.084,5.992,5.9,5.816,5.732,5.648,5.564,5.48,5.516666667,5.553333333,5.59,5.626666667,5.663333333,5.7,5.45,5.2,,,,,,,,,,,,,,,,,,,,,,,,,,,,,,,,,,,,,,,,,,,,,,,,,,,,,,,,,,,,,,
Thailand,0.642604266,0.646198773,0.650080576,0.656316702,0.660074041,0.663801002,0.667991775,0.671958577,0.676510959,0.681185534,0.685295471,0.689891581,0.696569852,0.704390702,0.711693177,0.718511049,0.724031012,0.730299536,0.735234235,0.740577947,0.746084344,0.749900943,0.749792111,0.744764533,0.748356112,0.75313018,0.75693644,0.761652298,0.767507299,0.774381957,0.780797463,3.96,3.96,3.96,3.778,3.596,3.414,3.232,3.05,2.922,2.794,2.666,2.538,2.41,2.348,2.286,2.224,2.162,2.1,2.07,2.04,2.01,1.98,1.95,1.9456,1.9412,1.9368,1.9324,1.928,1.9156,1.9032,1.8908,,,,,,,,,,,,,,,,,,,,,,,,,,,,,,,,,,,,,,,,,,,,,,,,,,,,,,,,,,,,,,
Togo,0.473858109,0.471393236,0.473834754,0.481233374,0.479702562,0.488499441,0.487646305,0.486480402,0.482860718,0.485352762,0.48791309,0.488404962,0.488356427,0.490830065,0.492059116,0.491069508,0.489977336,0.488374431,0.476761728,0.481912501,0.483316251,0.485025826,0.489351884,0.48578958,0.484952537,0.479144232,0.477130494,0.47756721,0.479195043,0.481145671,0.482284349,7.1,7.1,7.1,7.0602,7.0204,6.9806,6.9408,6.901,6.8392,6.7774,6.7156,6.6538,6.592,6.5136,6.4352,6.3568,6.2784,6.2,6.12,6.04,5.96,5.88,5.8,5.7134,5.6268,5.5402,5.4536,5.367,5.2538,5.1406,5.0274,,,,,,,,,,,,,,,,,,,,,,,,,,,,,,,,,,,,,,,,,,,,,,,,,,,,,,,,,,,,,,
Tonga,,,,,,,0.748560484,0.7530637,0.756231166,0.759201418,0.764478293,0.767054098,0.769836292,0.769352782,0.77009343,0.769512809,0.773604245,0.774475513,0.777372485,0.780895653,0.784128691,0.784876614,0.783809007,0.786467538,0.788537617,0.792300421,0.794215569,0.798600526,0.806486526,0.801859983,0.803943209,5.5,5.5,5.5,5.5,5.5,5.5,5.5,5.5,5.364,5.228,5.092,4.956,4.82,4.756,4.692,4.628,4.564,4.5,4.4024,4.3048,4.2072,4.1096,4.012,3.9166,3.8212,3.7258,3.6304,3.535,3.4612,3.3874,3.3136,,,,,,,,,,,,,,,,,,,,,,,,,,,,,,,,,,,,,,,,,,,,,,,,,,,,,,,,,,,,,,
Trinidad and Tobago,0.763037938,0.765903754,0.770098481,0.776479536,0.779435014,0.785848294,0.789163446,0.792122858,0.787399758,0.784866205,0.783466582,0.782757253,0.781478103,0.778986784,0.778271954,0.778799261,0.779894631,0.778797995,0.777264165,0.778516195,0.780311157,0.782164355,0.783396644,0.786637366,0.788122028,0.790485963,0.791362331,0.792274389,0.802594076,0.808783063,0.811318689,3.4,3.4,3.4,3.364,3.328,3.292,3.256,3.22,3.136,3.052,2.968,2.884,2.8,2.66,2.52,2.38,2.24,2.1,2.01,1.92,1.83,1.74,1.65,1.642,1.634,1.626,1.618,1.61,1.61,1.61,1.61,,,,,,,,,,,,,,,,,,,,,,,,,,,,,,,,,,,,,,,,,,,,,,,,,,,,,,,,,,,,,,
Tunisia,0.621990402,0.624921373,0.625377848,0.630856451,0.636383816,0.642374756,0.64738468,0.649147803,0.653029726,0.657815592,0.661950378,0.662159863,0.667132346,0.673599719,0.681516881,0.692086091,0.694221668,0.700364166,0.702184357,0.705745588,0.710086896,0.715940971,0.721777618,0.726209767,0.732962575,0.736783423,0.741476837,0.743232501,0.746557725,0.752927164,0.756884226,5.66,5.66,5.66,5.504,5.348,5.192,5.036,4.88,4.692,4.504,4.316,4.128,3.94,3.792,3.644,3.496,3.348,3.2,3.05,2.9,2.67,2.51,2.38,2.23,2.09,2.08,2.05,2,2.06,2.02,2.04,,,,,,,,,,,,,,,,,,,,,,,,,,,,,,,,,,,,,,,,,,,,,,,,,,,,,,,,,,,,,,
Turkey,0.630133849,0.634450693,0.635171718,0.637162802,0.637931959,0.637588864,0.641188639,0.644028159,0.647569951,0.652027621,0.655214658,0.661401122,0.668913218,0.673557312,0.677174214,0.685529027,0.688468262,0.695266196,0.70316319,0.703638059,0.711396759,0.718784136,0.72646936,0.732098752,0.733643674,0.745105171,0.743702142,0.751815655,0.757514147,0.761944861,0.765368544,4.51,4.51,4.51,4.428,4.346,4.264,4.182,4.1,3.996666667,3.893333333,3.79,3.66,3.53,3.4,3.2,3,2.91,2.88,2.82,2.84,2.8,2.76,2.72,2.67,2.62,2.57,2.52,2.46,2.2,2.21,2.19,,,,,,,,,,,,,,,,,,,,,,,,,,,,,,,2.19,,,,,,,,,,,,,,,,,,,,,,,,,,,,,,,
Uganda,,,,,,,,0.412178732,0.412259845,0.408969375,0.40390829,0.400838877,0.399647014,0.396275914,0.391955072,0.387766474,0.383169127,0.382225609,0.388491086,0.393806754,0.401773909,0.408541006,0.413270886,0.42357483,0.435490182,0.446541525,0.455128782,0.465982455,0.472805761,0.476596176,0.481647704,7.1,7.1,7.1,7.1,7.1,7.1,7.1,7.1,7.1,7.1,7.1,7.1,7.1,7.2,7.3,7.2,7.1,7.1,7.033333333,6.966666667,6.9,7,7.1,7.05,7,6.95,6.9,7.1,7.1,7.1,7.1,,,,,,,,,,,,,,,,,,,,,,,,,,,,,,,,,,,,,,,,,,,,,,,,,,,,,,,,,,,,,,
Ukraine,,,,,,,,,,,,,0.808122982,0.809299612,0.811372597,0.805362025,0.793366169,0.788541334,0.775428611,0.762195279,0.752207022,0.74892608,0.748664147,0.752843792,0.75552154,0.758088,0.769204195,0.776373944,0.784084868,0.781440065,0.786282807,2.02,1.99,1.94,1.96,1.96,1.95,1.93,1.98,2.08,2.09,2.06,2.08,2.05,2.02,1.92,1.848,1.81,1.72,1.6,1.5,1.4,1.3,1.3,1.2,1.2,1.1,1.1,1.1,1.2,1.2,1.2,,,,,,,,,,,,,,,,,,,,,,,,,,,,,,,1.43,0,0,0,0,0,0,0,0,0,0,0,0,0,0,0,0,0,0,0,0,0,0,0,0,0,0.15,0.19,0.11,0.18,0.16,0.18
United Arab Emirates,0.817956737,0.816035793,0.81546614,0.808268125,0.816288461,0.826575318,0.829323179,0.824119089,0.820565882,0.822592687,0.816772921,0.806278258,0.809159553,0.807751288,0.814754971,0.82368816,0.823736804,0.825191243,0.824348642,0.827961275,0.832363095,0.8387145,0.84360864,0.846172892,0.848446863,0.849987907,0.854851569,0.853718887,0.857498601,0.860531336,0.862706234,5.658,5.658,5.658,5.572,5.486,5.4,5.314,5.228,5.1474,5.0668,4.9862,4.9056,4.825,4.635,4.445,4.255,4.065,3.875,3.713,3.551,3.389,3.227,3.065,2.9588,2.8526,2.7464,2.6402,2.534,2.4992,2.4644,2.4296,,,,,,,,,,,,,,,,,,,,,,,,,,,,,,,,,,,,,,,,,,,,,,,,,,,,,,,,,,,,,,
United Kingdom,0.848680561,0.850449131,0.854314414,0.855859497,0.857832902,0.858806511,0.859926827,0.861856462,0.864841617,0.868349817,0.869290863,0.872949189,0.877221678,0.880332809,0.882448648,0.88431071,0.884496173,0.888136673,0.890756593,0.897511548,0.900408378,0.904886537,0.909589952,0.91350237,0.917556854,0.919037476,0.920134721,0.922782392,0.928146431,0.933634335,0.935541352,1.81,1.74,1.69,1.75,1.86,1.89,1.81,1.78,1.77,1.77,1.8,1.78,1.82,1.83,1.8,1.83,1.82,1.79,1.82,1.74,1.71,1.72,1.72,1.71,1.68,1.64,1.63,1.64,1.71,1.77,1.8,1.81,1.74,1.69,1.75,1.86,1.89,1.81,1.78,1.77,1.77,1.8,1.78,1.82,1.83,1.8,1.83,1.82,1.79,1.82,1.74,1.66915107,1.633785381,1.643639611,1.708029028,1.789144012,1.804028518,1.821435352,1.844645783,1.945011235,1.882918952,1.91539413,0,0.16,0.16,0.11,0.06,0.03,0.13,0.04,0.14,0.08,0.03,0.07,0.12,0,0.1,0.09,0.08,0.15,0.07,0.21,0.06,-0.02,0.08,0.09,0.09,0.11,0.1,0.19,0.2,0.2,0.2
USA,0.877182218,0.880964605,0.885161003,0.888166802,0.891788568,0.890307335,0.89308547,0.893410439,0.89592786,0.899868682,0.901613644,0.90326046,0.905433261,0.907175826,0.909977263,0.911470686,0.911459184,0.914077281,0.913612523,0.916034532,0.917059079,0.920567399,0.92312443,0.927355528,0.931122108,0.930880016,0.931471575,0.935729797,0.937478501,0.940563399,0.943521893,1.774,1.738,1.79,1.76,1.808,1.8395,1.812,1.8275,1.799,1.8065,1.844,1.8375,1.872,1.934,2.014,2.081,2.0625,2.046,2.0195,2.0015,1.978,1.976,1.971,1.999,2.0075,2.056,2.034,2.013,2.029,2.045,2.054,1.98775211,1.957974445,1.987918475,1.95933109,1.968868416,2.048629168,2.029583335,2.014649086,2.024190304,1.972211454,1.974484406,1.996821888,1.989011962,1.957005483,2.04444519,2.117662796,2.073076183,2.139022164,2.228260576,2.252339292,2.248459957,2.241897439,2.216713017,2.259523539,2.390525828,2.356270806,2.28707079,2.338713137,2.26269401,2.104173226,2.023031507,0,0.19,0.13,0.16,0.11,0.09,0.16,0.1,0.12,0.12,0.08,0.09,0.12,0.05,0,0.03,0.01,0,0.02,0.11,0.12,0.11,0.11,0.11,0.14,0.23,0.12,0.14,0.2,0.02,-0.07
Uruguay,0.771330315,0.7732582,0.773757622,0.777804192,0.782264662,0.786547263,0.788543757,0.783970308,0.778856394,0.779136929,0.780867543,0.786771634,0.792260423,0.793952076,0.795429486,0.796449672,0.799227039,0.805035862,0.80790476,0.813217399,0.813803168,0.818331757,0.822200221,0.826715307,0.826693774,0.832159245,0.830909484,0.826546082,0.829390369,0.836922126,0.842576831,2.89,2.89,2.89,2.826,2.762,2.698,2.634,2.57,2.562,2.554,2.546,2.538,2.53,2.522,2.514,2.506,2.498,2.49,2.526666667,2.563333333,2.6,2.5,2.4,2.38,2.25,2.19,2.14,2.15,2.1,2.08,2,,,,,,,,,,,,,,,,,,,,,,,,,,,,,,,,,,,,,,,,,,,,,,,,,,,,,,,,,,,,,,
Vanuatu,,,,,0.583172018,0.578264018,0.582469399,0.590116172,0.594177755,0.603466634,0.600845131,0.595746082,0.59998808,0.600922121,0.603791513,0.604823079,0.612701352,0.617351028,0.622634126,0.629840497,0.632056466,0.63581143,0.639590261,0.643466218,0.644204088,0.649243061,0.649463273,0.648594462,0.653014997,0.656688465,0.661077801,5.75,5.75,5.75,5.68,5.61,5.54,5.47,5.4,5.328,5.256,5.184,5.112,5.04,4.998,4.956,4.914,4.872,4.83,4.782,4.734,4.686,4.638,4.59,4.5026,4.4152,4.3278,4.2404,4.153,4.0598,3.9666,3.8734,,,,,,,,,,,,,,,,,,,,,,,,,,,,,,,,,,,,,,,,,,,,,,,,,,,,,,,,,,,,,,
Venezuela,0.734042759,0.736226027,0.737649981,0.738236735,0.738031524,0.734985438,0.734267031,0.732644654,0.730834193,0.732013146,0.732558318,0.736557057,0.739052334,0.742167991,0.737188124,0.740710398,0.74660165,0.75180818,0.752812319,0.754108452,0.757206762,0.758974651,0.764205721,0.766025211,0.764139048,0.769759828,0.776421411,0.775579315,0.77162073,0.782854908,0.789306682,4.47,4.47,4.47,4.368,4.266,4.164,4.062,3.96,3.898,3.836,3.774,3.712,3.65,3.578,3.506,3.434,3.362,3.29,3.228,3.166,3.104,3.042,2.98,2.9,2.85,2.83,2.79,2.76,2.72,2.69,2.65,,,,,,,,,,,,,,,,,,,,,,,,,,,,,,,,,,,,,,,,,,,,,,,,,,,,,,,,,,,,,,
Vietnam,,,,,,,,,,0.58185489,0.585086411,0.587603312,0.590469409,0.594461485,0.599654494,0.604359687,0.609560384,0.618039293,0.626371723,0.635139431,0.644306715,0.653375388,0.661971707,0.66852839,0.674618717,0.680019184,0.684721733,0.689793372,0.694977536,0.702192789,0.707335177,5.59,5.59,5.59,5.384,5.178,4.972,4.766,4.56,4.439,4.318,4.197,4.076,3.955,3.8775,3.8,3.616667,3.4333335,3.25,3.056666667,2.863333333,2.67,2.535,2.4,2.233333333,2.066666667,1.9,1.885,1.87,1.839893333,1.809786667,1.77968,,,,,,,,,,,,,,,,,,,,,,,,,,,,,,,,,,,,,,,,,,,,,,,,,,,,,,,,,,,,,,
Yemen,,,,,,,,,,,,,,,,0.398504241,0.400053346,0.405253987,0.407510181,0.408889648,0.419212415,0.426909932,0.43578906,0.444611467,0.45149413,0.460921854,0.470333307,0.478390036,0.485940541,0.493961022,0.497338647,8.5,8.5,8.5,8.54,8.58,8.62,8.66,8.7,8.62,8.54,8.46,8.38,8.3,8.16,8.02,7.88,7.74,7.6,7.4554,7.3108,7.1662,7.0216,6.877,6.7416,6.6062,6.4708,6.3354,6.2,6.0908,5.9816,5.8724,,,,,,,,,,,,,,,,,,,,,,,,,,,,,,,,,,,,,,,,,,,,,,,,,,,,,,,,,,,,,,
Zambia,0.480732689,0.482224737,0.477819407,0.476170569,0.472501844,0.472178788,0.473497157,0.469886662,0.464427202,0.459885843,0.456432101,0.452497099,0.449645115,0.444756216,0.435961468,0.427539581,0.420181686,0.411017349,0.40772757,0.395803045,0.387337864,0.384228299,0.379221622,0.375353251,0.373819275,0.374173764,0.375011966,0.376803497,0.384188445,0.391751111,0.401002085,7.21,7.21,7.21,7.153,7.096,7.039,6.982,6.925,6.8726,6.8202,6.7678,6.7154,6.663,6.6004,6.5378,6.4752,6.4126,6.35,6.2864,6.2228,6.1592,6.0956,6.032,5.988,5.944,5.9,5.7755,5.651,5.567333333,5.483666667,5.4,,,,,,,,,,,,,,,,,,,,,,,,,,,,,,,,,,,,,,,,,,,,,,,,,,,,,,,,,,,,,,
Zimbabwe,0.611591271,0.610062808,0.604377367,0.604085822,0.607036615,0.615544567,0.622994849,0.625239423,0.625368319,0.623559105,0.626604299,0.62712449,0.62718689,0.623474886,0.618662065,0.614938462,0.610607567,0.597451018,0.583030604,0.57306507,0.55838363,0.549203906,0.536113032,0.530053444,0.520460761,0.509076795,0.502459424,0.490648956,0.483588263,0.482295194,0.479046034,7.3,7.3,7.3,7.188,7.076,6.964,6.852,6.74,6.5426,6.3452,6.1478,5.9504,5.753,5.5584,5.3638,5.1692,4.9746,4.78,4.6348,4.4896,4.3444,4.1992,4.054,3.9558,3.8576,3.7594,3.6612,3.563,3.4876,3.4122,3.3368,,,,,,,,,,,,,,,,,,,,,,,,,,,,,,,,,,,,,,,,,,,,,,,,,,,,,,,,,,,,,,
